"Rating","Style","Name","Num Reviews","Locations","Link","Brewery","fruity (scaled)","heavy (scaled)","sweet (scaled)","dark (scaled)","light (scaled)","heady (scaled)","bitter (scaled)","sour (binary)","spiced (binary)","smokey (binary)","roasted (binary)","refreshing (binary)","Total Count"
"96","Weizenbock","Schneider Weisse Tap 6 Unser Aventinus","100","{'Italy': 1, 'Alberta (Canada)': 1, 'Delaware': 1, 'Minnesota': 1, 'Illinois': 2, 'New Mexico': 1, 'Indiana': 2, 'Maryland': 4, 'Louisiana': 2, 'Thailand': 1, 'Texas': 4, 'Ontario (Canada)': 6, 'Australia': 1, 'Wisconsin': 4, 'Michigan': 3, 'Virginia': 3, 'Oregon': 2, 'Connecticut': 4, 'District of Columbia': 1, 'California': 4, 'Massachusetts': 2, 'South Carolina': 3, 'Germany': 1, 'Spain': 1, 'Netherlands': 1, 'Pennsylvania': 3, 'Florida': 3, 'Hawaii': 1, 'Kentucky': 4, 'Rhode Island': 1, 'Missouri': 3, 'Ohio': 2, 'Colorado': 1, 'Idaho': 2, 'New Jersey': 3, 'Washington': 2, 'New York': 7, 'Montana': 1, 'Japan': 2, 'Nevada': 1, 'British Columbia (Canada)': 3}","http://beeradvocate.com/beer/profile/72/224/?sort=topr","Weisses Bräuhaus G. Schneider &amp; Sohn GmbH","281","92","349","239","138","223","56","30","134","15","66","73","1696"
"95","Weizenbock","Weihenstephaner Vitus","100","{'Mississippi': 1, 'Italy': 1, 'Oklahoma': 2, 'Minnesota': 1, 'Illinois': 7, 'Netherlands': 1, 'Indiana': 1, 'Maryland': 2, 'Bolivia': 1, 'Texas': 2, 'Ontario (Canada)': 4, 'Australia': 2, 'Wisconsin': 3, 'Michigan': 4, 'Kansas': 1, 'Virginia': 2, 'Oregon': 1, 'Connecticut': 3, 'Montana': 2, 'California': 6, 'Massachusetts': 4, 'West Virginia': 1, 'South Carolina': 2, 'Georgia': 4, 'Pennsylvania': 7, 'Florida': 1, 'Arizona': 3, 'Missouri': 3, 'Ohio': 5, 'New York': 5, 'Colorado': 2, 'New Jersey': 4, 'Washington': 1, 'North Carolina': 2, 'District of Columbia': 1, 'Japan': 1, 'United Kingdom (England)': 2, 'Maine': 2}","http://beeradvocate.com/beer/profile/252/35625/?sort=topr","Bayerische Staatsbrauerei Weihenstephan","336","88","248","32","303","279","74","38","171","5","21","89","1684"
"91","Weizenbock","Schneider Weisse Tap 5 Schneider &amp; Brooklyner Hopfen-Weisse","100","{'Italy': 1, 'India': 1, 'Alberta (Canada)': 3, 'Minnesota': 1, 'Illinois': 4, 'Indiana': 2, 'Maryland': 3, 'Thailand': 1, 'Texas': 2, 'Ontario (Canada)': 8, 'Australia': 2, 'Iowa': 1, 'Michigan': 1, 'Kansas': 1, 'Virginia': 3, 'Connecticut': 1, 'New York': 2, 'Germany': 4, 'Massachusetts': 4, 'South Carolina': 1, 'California': 6, 'Oklahoma': 2, 'Spain': 1, 'Pennsylvania': 13, 'Quebec (Canada)': 5, 'Florida': 2, 'Kentucky': 1, 'Rhode Island': 1, 'Russian Federation': 1, 'Missouri': 2, 'Ohio': 2, 'Colorado': 1, 'New Jersey': 5, 'Washington': 2, 'North Carolina': 2, 'United Kingdom (Wales)': 1, 'Tennessee': 2, 'Montana': 1, 'United Kingdom (England)': 1, 'British Columbia (Canada)': 2}","http://beeradvocate.com/beer/profile/72/37774/?sort=topr","Weisses Bräuhaus G. Schneider &amp; Sohn GmbH","387","84","230","61","231","232","396","39","127","0","27","51","1865"
"91","Weizenbock","Moonglow Weizenbock","100","{'Delaware': 2, 'Minnesota': 6, 'Illinois': 4, 'Indiana': 3, 'Maryland': 4, 'Texas': 1, 'Australia': 1, 'Wisconsin': 4, 'Michigan': 5, 'Virginia': 4, 'Connecticut': 2, 'New York': 6, 'California': 2, 'Massachusetts': 6, 'Georgia': 2, 'Pennsylvania': 23, 'Florida': 1, 'Kentucky': 2, 'Rhode Island': 1, 'Ohio': 7, 'Colorado': 2, 'New Jersey': 7, 'Washington': 1, 'North Carolina': 1, 'Tennessee': 2, 'Maine': 1}","http://beeradvocate.com/beer/profile/345/1008/?sort=topr","Victory Brewing Company","259","78","267","134","99","187","63","10","144","3","24","47","1315"
"87","Weizenbock","Bavarian-Styled Doppel Weizen","100","{'Mississippi': 1, 'Iowa': 1, 'Alberta (Canada)': 3, 'Minnesota': 4, 'Illinois': 3, 'Maryland': 2, 'Texas': 5, 'Ontario (Canada)': 2, 'Australia': 2, 'Wisconsin': 4, 'Michigan': 4, 'Utah': 1, 'Virginia': 3, 'Oregon': 1, 'Connecticut': 3, 'California': 13, 'Massachusetts': 2, 'West Virginia': 1, 'New Hampshire': 1, 'Oklahoma': 1, 'Georgia': 1, 'Pennsylvania': 12, 'Florida': 3, 'Kentucky': 1, 'Arizona': 3, 'Nova Scotia (Canada)': 1, 'Missouri': 3, 'Ohio': 4, 'New Jersey': 2, 'Washington': 3, 'North Carolina': 2, 'New York': 7, 'British Columbia (Canada)': 1}","http://beeradvocate.com/beer/profile/220/73131/?sort=topr","Lagunitas Brewing Company","332","126","292","37","197","229","112","44","161","2","26","39","1597"
"94","Weizenbock","Ayinger Weizenbock","100","{'Alberta (Canada)': 4, 'Delaware': 1, 'Minnesota': 1, 'Illinois': 5, 'Arkansas': 1, 'Indiana': 1, 'Maryland': 3, 'Louisiana': 1, 'Texas': 4, 'Ontario (Canada)': 2, 'Arizona': 1, 'Wisconsin': 3, 'Michigan': 4, 'Kansas': 1, 'Virginia': 2, 'Oregon': 3, 'Connecticut': 1, 'District of Columbia': 1, 'California': 9, 'Massachusetts': 3, 'West Virginia': 1, 'New Hampshire': 1, 'United Kingdom (Wales)': 1, 'Vermont': 1, 'Georgia': 4, 'Pennsylvania': 7, 'Florida': 2, 'Kentucky': 1, 'Rhode Island': 2, 'Sweden': 1, 'Nebraska': 2, 'Missouri': 1, 'Switzerland': 1, 'Ohio': 5, 'Colorado': 2, 'Mexico': 1, 'New Jersey': 4, 'Washington': 3, 'North Carolina': 3, 'New York': 4, 'British Columbia (Canada)': 1}","http://beeradvocate.com/beer/profile/39/37192/?sort=topr","Privatbrauerei Franz Inselkammer KG / Brauerei Aying","315","83","301","44","239","228","63","25","127","2","14","103","1544"
"93","Weizenbock","Brooklyner-Schneider Hopfen-Weisse","100","{'Alberta (Canada)': 3, 'New Hampshire': 2, 'Minnesota': 2, 'Illinois': 3, 'Indiana': 3, 'Maryland': 2, 'Texas': 12, 'Ontario (Canada)': 4, 'Manitoba (Canada)': 1, 'Arizona': 1, 'Wisconsin': 2, 'Michigan': 4, 'Virginia': 6, 'Connecticut': 3, 'New York': 11, 'California': 6, 'Massachusetts': 2, 'South Carolina': 2, 'Germany': 2, 'Pennsylvania': 7, 'Quebec (Canada)': 2, 'Florida': 3, 'Kentucky': 2, 'Sweden': 4, 'Missouri': 1, 'Ohio': 3, 'Alabama': 1, 'New Jersey': 4, 'North Carolina': 1, 'Tennessee': 1}","http://beeradvocate.com/beer/profile/45/38700/?sort=topr","Brooklyn Brewery","308","62","142","22","264","259","354","27","100","2","33","69","1642"
"91","Weizenbock","Unplugged Imperial Weizen","100","{'Alberta (Canada)': 1, 'Minnesota': 4, 'Illinois': 18, 'Ireland': 1, 'Ohio': 4, 'Indiana': 5, 'Maryland': 2, 'Texas': 3, 'Ontario (Canada)': 3, 'Arizona': 1, 'Iowa': 5, 'Virginia': 4, 'Oregon': 1, 'Connecticut': 1, 'New York': 2, 'California': 13, 'Massachusetts': 1, 'Georgia': 2, 'Pennsylvania': 4, 'Missouri': 1, 'Wisconsin': 16, 'Alabama': 1, 'Colorado': 2, 'New Jersey': 2, 'Washington': 1, 'North Carolina': 1, 'District of Columbia': 1}","http://beeradvocate.com/beer/profile/590/40956/?sort=topr","New Glarus Brewing Company","294","89","164","19","205","221","214","18","177","0","20","60","1481"
"87","Weizenbock","Slam Dunkel","100","{'Minnesota': 4, 'Illinois': 3, 'Maryland': 5, 'Texas': 1, 'Australia': 2, 'Wisconsin': 1, 'Virginia': 6, 'Oregon': 1, 'Connecticut': 2, 'Montana': 1, 'California': 4, 'Massachusetts': 2, 'South Carolina': 3, 'New Hampshire': 2, 'Georgia': 1, 'Pennsylvania': 24, 'Quebec (Canada)': 1, 'Florida': 3, 'District of Columbia': 2, 'Ohio': 8, 'Alabama': 1, 'Colorado': 1, 'New Jersey': 9, 'Washington': 2, 'North Carolina': 1, 'New York': 7, 'Maine': 3}","http://beeradvocate.com/beer/profile/392/37691/?sort=topr","Weyerbacher Brewing Co.","248","84","343","213","106","204","47","33","143","13","46","41","1521"
"87","Weizenbock","Erdinger Weissbier Pikantus","100","{'Italy': 1, 'Washington': 1, 'Oklahoma': 2, 'New Hampshire': 1, 'Minnesota': 1, 'Illinois': 8, 'Georgia': 2, 'Indiana': 1, 'Maryland': 1, 'Bolivia': 1, 'Louisiana': 1, 'Texas': 4, 'Ontario (Canada)': 6, 'Australia': 7, 'Iowa': 1, 'United Kingdom (Scotland)': 1, 'Michigan': 3, 'Utah': 1, 'Virginia': 3, 'Oregon': 1, 'Connecticut': 1, 'California': 13, 'Massachusetts': 2, 'Thailand': 1, 'Germany': 2, 'Spain': 1, 'Portugal': 1, 'Vermont': 1, 'Netherlands': 1, 'Pennsylvania': 2, 'Quebec (Canada)': 1, 'Poland': 1, 'Finland': 1, 'Florida': 1, 'Kentucky': 1, 'Rhode Island': 1, 'Arizona': 1, 'Missouri': 1, 'Wisconsin': 2, 'Colorado': 3, 'Idaho': 1, 'Mexico': 3, 'New Jersey': 2, 'India': 1, 'North Carolina': 4, 'District of Columbia': 1, 'United Kingdom (England)': 2, 'Maine': 1}","http://beeradvocate.com/beer/profile/703/2646/?sort=topr","Erdinger Weissbräu","162","90","382","285","89","253","63","14","76","6","68","44","1532"
"93","Weizenbock","Ramstein Winter Wheat","100","{'Iowa': 1, 'Oklahoma': 2, 'New Hampshire': 2, 'Minnesota': 1, 'Illinois': 2, 'Maryland': 1, 'Texas': 4, 'Ontario (Canada)': 1, 'Manitoba (Canada)': 1, 'Arizona': 1, 'Wisconsin': 2, 'Michigan': 1, 'Utah': 1, 'Virginia': 3, 'Connecticut': 3, 'California': 6, 'Massachusetts': 1, 'South Carolina': 1, 'Germany': 2, 'Georgia': 1, 'Pennsylvania': 15, 'Quebec (Canada)': 1, 'Kentucky': 1, 'Rhode Island': 2, 'Missouri': 2, 'Ohio': 4, 'Colorado': 2, 'New Jersey': 19, 'North Carolina': 2, 'New York': 13, 'Maine': 1}","http://beeradvocate.com/beer/profile/607/2743/?sort=topr","High Point Brewing Company","155","86","286","301","88","225","38","47","110","30","125","51","1542"
"90","Weizenbock","Great Lakes Glockenspiel Weizenbock","100","{'Mississippi': 1, 'Iowa': 2, 'Oklahoma': 1, 'Minnesota': 3, 'Illinois': 11, 'Indiana': 1, 'Maryland': 1, 'Louisiana': 1, 'Texas': 2, 'Ontario (Canada)': 3, 'Australia': 1, 'Wisconsin': 3, 'Michigan': 6, 'Virginia': 4, 'Connecticut': 3, 'District of Columbia': 1, 'Germany': 1, 'Massachusetts': 2, 'South Carolina': 3, 'New Hampshire': 1, 'Georgia': 2, 'Pennsylvania': 10, 'Florida': 1, 'Alaska': 2, 'Kentucky': 3, 'Nebraska': 1, 'Ohio': 18, 'Colorado': 2, 'New Jersey': 2, 'North Carolina': 1, 'New York': 6, 'British Columbia (Canada)': 1}","http://beeradvocate.com/beer/profile/73/19796/?sort=topr","Great Lakes Brewing Company","277","75","370","124","155","203","52","25","142","3","23","64","1513"
"91","Weizenbock","Schneider Weisse Tap X Mein Nelson Sauvin","83","{'Brazil': 1, 'Illinois': 3, 'Netherlands': 1, 'Maryland': 3, 'Ontario (Canada)': 16, 'Australia': 6, 'Wisconsin': 1, 'Virginia': 3, 'Oregon': 1, 'Connecticut': 1, 'District of Columbia': 1, 'California': 10, 'Massachusetts': 1, 'Germany': 1, 'Georgia': 2, 'Pennsylvania': 6, 'Quebec (Canada)': 1, 'Florida': 3, 'Kentucky': 1, 'Rhode Island': 1, 'Sweden': 2, 'Arizona': 1, 'Ohio': 2, 'Colorado': 1, 'New Jersey': 5, 'United Arab Emirates': 1, 'Washington': 1, 'North Carolina': 2, 'New York': 3, 'United Kingdom (England)': 1, 'Maine': 1}","http://beeradvocate.com/beer/profile/72/74625/?sort=topr","Weisses Bräuhaus G. Schneider &amp; Sohn GmbH","358","53","183","34","244","195","196","34","103","4","31","50","1485"
"94","Weizenbock","Live Oak Primus Weizenbock","47","{'Georgia': 4, 'Pennsylvania': 1, 'Saskatchewan (Canada)': 1, 'Oklahoma': 1, 'North Carolina': 1, 'New York': 2, 'California': 5, 'Massachusetts': 1, 'Ohio': 1, 'Alberta (Canada)': 1, 'Texas': 29}","http://beeradvocate.com/beer/profile/383/46105/?sort=topr","Live Oak Brewing Company","98","34","105","92","36","81","11","8","63","26","27","22","603"
"87","Weizenbock","Der Weisse Bock","99","{'Iowa': 1, 'Minnesota': 6, 'Illinois': 2, 'Netherlands': 1, 'Maryland': 1, 'Louisiana': 2, 'Idaho': 1, 'Ontario (Canada)': 6, 'Arizona': 2, 'Wisconsin': 2, 'Michigan': 2, 'Oregon': 2, 'Connecticut': 3, 'Tennessee': 1, 'New Hampshire': 4, 'Massachusetts': 8, 'South Carolina': 2, 'California': 4, 'Germany': 2, 'Georgia': 4, 'Pennsylvania': 9, 'Quebec (Canada)': 1, 'Kentucky': 2, 'Nebraska': 2, 'Missouri': 3, 'Ohio': 5, 'Colorado': 6, 'Mexico': 1, 'New Jersey': 2, 'North Carolina': 2, 'New York': 5, 'Texas': 2, 'United Kingdom (England)': 2, 'British Columbia (Canada)': 1}","http://beeradvocate.com/beer/profile/428/1307/?sort=topr","Mahrs-Bräu","160","79","326","190","111","202","50","55","72","24","92","41","1402"
"75","Weizenbock","TNT","72","{'Oklahoma': 1, 'Minnesota': 1, 'Illinois': 6, 'New Mexico': 1, 'Indiana': 1, 'Maryland': 1, 'Texas': 9, 'Ontario (Canada)': 1, 'Wisconsin': 2, 'Michigan': 1, 'Virginia': 2, 'Oregon': 2, 'District of Columbia': 1, 'California': 2, 'Massachusetts': 5, 'South Carolina': 1, 'Vermont': 1, 'Georgia': 4, 'Pennsylvania': 1, 'Florida': 4, 'Missouri': 3, 'Ohio': 5, 'Alabama': 1, 'New York': 4, 'Colorado': 3, 'Mexico': 1, 'New Jersey': 2, 'Washington': 1, 'North Carolina': 3, 'Tennessee': 2}","http://beeradvocate.com/beer/profile/418/67253/?sort=topr","Left Hand Brewing Company","53","49","165","207","69","121","38","17","22","312","54","17","1124"
"87","Weizenbock","Plank Bavarian Heller Weizenbock","89","{'Mississippi': 1, 'Iowa': 1, 'Oklahoma': 1, 'Wyoming': 1, 'Minnesota': 5, 'Illinois': 5, 'Texas': 2, 'Ontario (Canada)': 1, 'Arizona': 2, 'Wisconsin': 3, 'Michigan': 10, 'Oregon': 1, 'Connecticut': 1, 'New York': 5, 'California': 1, 'Massachusetts': 6, 'South Carolina': 5, 'Germany': 2, 'Georgia': 2, 'Poland': 1, 'Florida': 1, 'Kentucky': 2, 'Nebraska': 2, 'Ohio': 3, 'Colorado': 8, 'New Jersey': 6, 'Washington': 1, 'North Carolina': 7, 'Tennessee': 1, 'Maine': 2}","http://beeradvocate.com/beer/profile/5943/36326/?sort=topr","Brauerei Michael Plank","244","74","232","45","219","256","61","42","118","6","34","87","1418"
"87","Weizenbock","Plank Bavarian Dunkler Weizenbock","87","{'Mississippi': 1, 'Oklahoma': 1, 'Minnesota': 7, 'Illinois': 2, 'Georgia': 2, 'Ohio': 5, 'Maryland': 1, 'Texas': 3, 'Ontario (Canada)': 1, 'Arizona': 1, 'Wisconsin': 1, 'Michigan': 10, 'Kansas': 1, 'California': 2, 'Massachusetts': 7, 'South Carolina': 3, 'New Hampshire': 1, 'Germany': 2, 'Netherlands': 1, 'Pennsylvania': 4, 'Florida': 2, 'Kentucky': 3, 'Missouri': 1, 'Iowa': 3, 'Colorado': 7, 'New Jersey': 5, 'Saskatchewan (Canada)': 1, 'North Carolina': 5, 'New York': 4}","http://beeradvocate.com/beer/profile/5943/36170/?sort=topr","Brauerei Michael Plank","180","74","296","196","114","243","53","44","85","15","84","42","1426"
"84","Weizenbock","Eisenbahn Vigorosa (Weizenbock)","87","{'Brazil': 3, 'Mississippi': 3, 'Oklahoma': 2, 'New Hampshire': 1, 'Minnesota': 3, 'Illinois': 6, 'Louisiana': 5, 'Texas': 1, 'Ontario (Canada)': 3, 'Australia': 3, 'Iowa': 4, 'France': 1, 'Virginia': 1, 'Oregon': 2, 'Connecticut': 1, 'Tennessee': 1, 'Germany': 1, 'California': 7, 'Wisconsin': 3, 'Georgia': 1, 'Pennsylvania': 3, 'Florida': 1, 'Alaska': 1, 'Nebraska': 2, 'Hawaii': 1, 'Arizona': 1, 'Missouri': 3, 'Switzerland': 1, 'Ohio': 7, 'Rhode Island': 1, 'Colorado': 1, 'Mexico': 1, 'New Jersey': 3, 'Washington': 1, 'North Carolina': 4, 'New York': 2, 'Maine': 2}","http://beeradvocate.com/beer/profile/10096/19608/?sort=topr","Cervejaria Sudbrack Ltda","178","66","284","138","114","173","44","12","95","9","55","41","1209"
"81","Weizenbock","10 Degrees Below","43","{'Arizona': 2, 'Wisconsin': 2, 'Pennsylvania': 3, 'Florida': 4, 'Washington': 11, 'Virginia': 4, 'North Carolina': 2, 'Illinois': 1, 'District of Columbia': 1, 'California': 5, 'Oregon': 3, 'Missouri': 1, 'Maryland': 1, 'New York': 1, 'Maine': 1, 'British Columbia (Canada)': 1}","http://beeradvocate.com/beer/profile/1397/33809/?sort=topr","Scuttlebutt Brewing Company","47","31","122","97","61","83","41","20","14","10","62","16","604"
"80","Weizenbock","Peak Organic Weiss Principal Imperial Hefe","44","{'Georgia': 1, 'Wisconsin': 1, 'Colorado': 1, 'Florida': 3, 'Connecticut': 5, 'New York': 6, 'New Hampshire': 8, 'Massachusetts': 12, 'South Carolina': 1, 'Ohio': 1, 'Maine': 2, 'Texas': 1, 'Ontario (Canada)': 2}","http://beeradvocate.com/beer/profile/13884/68937/?sort=topr","Peak Organic Brewing Company","111","27","73","12","90","98","172","13","68","1","10","15","690"
"85","Weizenbock","Weizenbock Grande Cuvée","38","{'Australia': 1, 'Newfoundland (Canada)': 1, 'Idaho': 1, 'Pennsylvania': 1, 'Quebec (Canada)': 3, 'Alberta (Canada)': 3, 'North Carolina': 1, 'New Brunswick (Canada)': 1, 'California': 1, 'Massachusetts': 2, 'Colorado': 1, 'British Columbia (Canada)': 1, 'Texas': 1, 'Ontario (Canada)': 20}","http://beeradvocate.com/beer/profile/11056/44939/?sort=topr","Les Trois Mousquetaires","69","38","200","105","43","87","23","18","26","5","24","10","648"
"88","Weizenbock","Hopf Weisser Bock","47","{'Pennsylvania': 1, 'Arizona': 2, 'Wisconsin': 3, 'New Jersey': 1, 'New Hampshire': 1, 'Oregon': 1, 'Illinois': 3, 'Slovenia': 1, 'New York': 4, 'California': 23, 'West Virginia': 1, 'Ohio': 2, 'United Kingdom (England)': 1, 'Nevada': 1, 'Louisiana': 1, 'Ontario (Canada)': 1}","http://beeradvocate.com/beer/profile/1357/3673/?sort=topr","Weissbierbrauerei Hopf","112","35","135","46","87","101","19","8","52","4","7","35","641"
"93","Weizenbock","Local Option Bourbon Barrel-Aged La Petite Mort","11","{'Tennessee': 1, 'Georgia': 1, 'Wisconsin': 2, 'Illinois': 7}","http://beeradvocate.com/beer/profile/652/81602/?sort=topr","Central Waters Brewing Company","2","17","69","21","14","20","6","1","2","7","9","1","169"
"88","Weizenbock","Weizenbock","41","{'Georgia': 1, 'Wisconsin': 1, 'Colorado': 3, 'Pennsylvania': 17, 'Florida': 5, 'Virginia': 1, 'North Carolina': 1, 'New Jersey': 1, 'New York': 6, 'Massachusetts': 1, 'Ohio': 3, 'Ontario (Canada)': 1}","http://beeradvocate.com/beer/profile/125/36251/?sort=topr","Pennsylvania Brewing Company","67","30","123","89","38","73","24","2","60","8","25","12","551"
"87","Weizenbock","Weizen Doppelbock","38","{'Arizona': 1, 'Wisconsin': 9, 'Colorado': 1, 'New Jersey': 1, 'Michigan': 1, 'Washington': 1, 'Virginia': 1, 'Oregon': 1, 'Minnesota': 10, 'Pennsylvania': 2, 'Montana': 1, 'California': 3, 'Massachusetts': 1, 'Illinois': 4, 'Ontario (Canada)': 1}","http://beeradvocate.com/beer/profile/368/990/?sort=topr","Capital Brewery","122","42","129","22","55","78","21","18","55","0","4","15","561"
"86","Weizenbock","Volks Weizenbock","33","{'Pennsylvania': 23, 'North Carolina': 2, 'Illinois': 1, 'New Jersey': 2, 'Connecticut': 1, 'New Hampshire': 1, 'Massachusetts': 2, 'Maryland': 1}","http://beeradvocate.com/beer/profile/18968/7402/?sort=topr","Appalachian Brewing Company","61","27","84","45","26","58","17","4","55","0","6","24","407"
"85","Weizenbock","Teufel Bock","28","{'Vermont': 1, 'Wisconsin': 1, 'Pennsylvania': 4, 'Michigan': 11, 'North Carolina': 1, 'Illinois': 1, 'New York': 2, 'New Hampshire': 1, 'Massachusetts': 1, 'Ohio': 2, 'Indiana': 1, 'Ontario (Canada)': 2}","http://beeradvocate.com/beer/profile/15280/48033/?sort=topr","Atwater Block Brewery","35","29","110","50","29","62","27","8","8","6","16","14","394"
"90","Weizenbock","Kuhnhenn Weiss Teufel (White Devil)","23","{'Georgia': 1, 'Colorado': 1, 'Pennsylvania': 2, 'Saskatchewan (Canada)': 1, 'Michigan': 6, 'Minnesota': 1, 'Illinois': 1, 'New York': 4, 'California': 3, 'Missouri': 1, 'Ontario (Canada)': 2}","http://beeradvocate.com/beer/profile/2097/55469/?sort=topr","Kuhnhenn Brewing Company","94","14","53","7","45","38","19","3","48","0","4","21","346"
"90","Weizenbock","Buffalo Bock","16","{'Wisconsin': 1, 'Virginia': 1, 'Minnesota': 8, 'Illinois': 2, 'California': 2, 'Saskatchewan (Canada)': 1, 'Texas': 1}","http://beeradvocate.com/beer/profile/1177/78705/?sort=topr","Minneapolis Town Hall Brewery","34","9","124","22","14","35","3","5","9","24","3","4","286"
"82","Weizenbock","Heineken Tarwebok","17","{'Virginia': 1, 'Netherlands': 2, 'Wisconsin': 1, 'Colorado': 1, 'Pennsylvania': 1, 'Florida': 1, 'Michigan': 1, 'Washington': 1, 'Minnesota': 1, 'Illinois': 1, 'Connecticut': 1, 'Australia': 2, 'Missouri': 1, 'Texas': 1}","http://beeradvocate.com/beer/profile/81/14497/?sort=topr","Heineken Nederland B.V.","14","9","100","34","18","32","12","1","9","1","26","8","264"
"80","Weizenbock","St. Blasius Weizenbock","34","{'Georgia': 1, 'Mexico': 1, 'Pennsylvania': 4, 'Delaware': 1, 'Washington': 1, 'Virginia': 1, 'Oregon': 3, 'Illinois': 5, 'Connecticut': 1, 'Arizona': 1, 'California': 8, 'Massachusetts': 2, 'Ohio': 2, 'Maryland': 1, 'Texas': 1, 'British Columbia (Canada)': 1}","http://beeradvocate.com/beer/profile/1623/27464/?sort=topr","Aktien-Brauerei Kaufbeuren AG","92","18","129","44","56","73","10","12","25","0","9","16","484"
"82","Weizenbock","Weizenbock","17","{'Vermont': 1, 'Georgia': 1, 'Pennsylvania': 4, 'North Carolina': 6, 'Massachusetts': 1, 'West Virginia': 1, 'South Carolina': 1, 'Ohio': 1, 'Ontario (Canada)': 1}","http://beeradvocate.com/beer/profile/7753/35630/?sort=topr","Olde Hickory Brewery","35","4","43","8","32","26","19","4","25","5","2","14","217"
"84","Weizenbock","Bayern Face Plant Doppel Weizen","24","{'Alberta (Canada)': 2, 'Washington': 6, 'Minnesota': 2, 'Oregon': 6, 'North Carolina': 1, 'Montana': 4, 'Massachusetts': 1, 'Idaho': 2}","http://beeradvocate.com/beer/profile/605/54452/?sort=topr","Bayern Brewing, Inc.","23","19","83","57","30","52","22","7","11","5","16","6","331"
"83","Weizenbock","Angry Goat","9","{'Oklahoma': 1, 'Texas': 8}","http://beeradvocate.com/beer/profile/9969/74071/?sort=topr","Rahr &amp; Sons Brewing Company","17","7","29","20","6","17","2","0","10","0","10","3","121"
"92","Bière de Garde","Oro De Calabaza","100","{'Alberta (Canada)': 4, 'Delaware': 1, 'Minnesota': 7, 'Illinois': 4, 'Netherlands': 1, 'Indiana': 3, 'Maryland': 1, 'Louisiana': 1, 'Texas': 1, 'Ontario (Canada)': 4, 'Wisconsin': 1, 'Iowa': 1, 'Michigan': 6, 'Virginia': 1, 'Oregon': 1, 'New York': 9, 'California': 6, 'Massachusetts': 2, 'South Carolina': 1, 'Oklahoma': 5, 'Vermont': 1, 'Georgia': 1, 'Pennsylvania': 12, 'Quebec (Canada)': 1, 'Florida': 2, 'Kentucky': 1, 'Arizona': 1, 'Ohio': 7, 'Colorado': 2, 'New Jersey': 2, 'Washington': 1, 'North Carolina': 4, 'Tennessee': 2, 'British Columbia (Canada)': 1}","http://beeradvocate.com/beer/profile/9897/18975/?sort=topr","Jolly Pumpkin Artisan Ales","288","33","131","15","427","258","141","485","121","65","56","89","2109"
"86","Bière de Garde","Domaine DuPage French Style Country Ale","100","{'Minnesota': 10, 'Illinois': 22, 'Indiana': 6, 'Texas': 2, 'Ontario (Canada)': 1, 'Iowa': 1, 'Wisconsin': 3, 'Michigan': 4, 'Virginia': 1, 'Oregon': 2, 'Connecticut': 1, 'District of Columbia': 1, 'California': 2, 'Massachusetts': 1, 'West Virginia': 1, 'South Carolina': 1, 'New Hampshire': 2, 'Georgia': 1, 'Pennsylvania': 7, 'Quebec (Canada)': 1, 'Florida': 2, 'Kentucky': 1, 'Missouri': 3, 'Ohio': 4, 'New York': 8, 'South Dakota': 1, 'Colorado': 3, 'New Jersey': 2, 'Washington': 3, 'Tennessee': 2, 'Montana': 1}","http://beeradvocate.com/beer/profile/689/2961/?sort=topr","Two Brothers Brewing Company","158","63","427","69","218","217","149","60","32","10","40","73","1516"
"83","Bière de Garde","Lips Of Faith","100","{'Oklahoma': 1, 'Missouri': 3, 'Minnesota': 4, 'Illinois': 2, 'Ohio': 2, 'Maryland': 3, 'Idaho': 2, 'Ontario (Canada)': 1, 'Iowa': 4, 'Michigan': 3, 'Kansas': 1, 'Utah': 1, 'Virginia': 5, 'Oregon': 1, 'Connecticut': 1, 'Montana': 1, 'California': 10, 'Massachusetts': 1, 'South Carolina': 1, 'Georgia': 2, 'Pennsylvania': 9, 'Finland': 1, 'Florida': 3, 'Kentucky': 1, 'Tennessee': 3, 'District of Columbia': 2, 'Wisconsin': 3, 'Rhode Island': 1, 'Colorado': 7, 'New Jersey': 1, 'Washington': 5, 'North Carolina': 2, 'New York': 2, 'Texas': 5, 'Nevada': 2, 'Delaware': 1}","http://beeradvocate.com/beer/profile/192/51300/?sort=topr","Biere De Mars","266","50","206","20","266","221","147","261","69","5","43","91","1645"
"78","Bière de Garde","Garde Dog","100","{'Brazil': 1, 'Delaware': 2, 'Minnesota': 5, 'Illinois': 2, 'Indiana': 2, 'Maryland': 8, 'Texas': 1, 'Ontario (Canada)': 1, 'Iowa': 2, 'Wisconsin': 3, 'Michigan': 1, 'Virginia': 5, 'Connecticut': 2, 'District of Columbia': 2, 'California': 8, 'Massachusetts': 3, 'West Virginia': 2, 'New Hampshire': 1, 'Netherlands': 1, 'Pennsylvania': 14, 'Florida': 1, 'Kentucky': 1, 'Rhode Island': 1, 'Ohio': 5, 'Alabama': 1, 'New York': 7, 'Colorado': 1, 'New Jersey': 4, 'Washington': 1, 'North Carolina': 6, 'Tennessee': 5}","http://beeradvocate.com/beer/profile/68/41689/?sort=topr","Flying Dog Brewery","212","35","229","19","354","243","156","63","84","3","39","98","1535"
"86","Bière de Garde","Avant Garde","100","{'Minnesota': 1, 'Illinois': 2, 'Indiana': 1, 'Maryland': 2, 'Texas': 2, 'Ontario (Canada)': 1, 'Australia': 4, 'Wisconsin': 1, 'Michigan': 2, 'Virginia': 1, 'Connecticut': 1, 'District of Columbia': 2, 'California': 24, 'Massachusetts': 7, 'West Virginia': 1, 'South Carolina': 1, 'New Hampshire': 1, 'Georgia': 4, 'Pennsylvania': 9, 'Quebec (Canada)': 1, 'Florida': 2, 'Arizona': 1, 'Missouri': 2, 'Ohio': 3, 'Colorado': 4, 'Idaho': 1, 'New Jersey': 7, 'Washington': 1, 'New York': 5, 'Nevada': 2, 'British Columbia (Canada)': 1}","http://beeradvocate.com/beer/profile/18149/30423/?sort=topr","The Lost Abbey","224","28","251","21","300","254","184","56","47","5","37","94","1501"
"86","Bière de Garde","Gift Of The Magi","100","{'Minnesota': 3, 'Illinois': 4, 'Indiana': 1, 'Texas': 3, 'Ontario (Canada)': 1, 'Australia': 1, 'Wisconsin': 2, 'Michigan': 1, 'Virginia': 1, 'Oregon': 1, 'Connecticut': 1, 'Montana': 1, 'New Hampshire': 4, 'Massachusetts': 11, 'California': 20, 'Georgia': 4, 'Pennsylvania': 14, 'Florida': 2, 'Tennessee': 1, 'Arizona': 4, 'Missouri': 1, 'Alabama': 1, 'Colorado': 4, 'New Jersey': 2, 'Washington': 1, 'New York': 8, 'District of Columbia': 3}","http://beeradvocate.com/beer/profile/18149/37198/?sort=topr","The Lost Abbey","181","62","318","94","149","202","124","171","89","17","44","44","1495"
"87","Bière de Garde","Scythe &amp; Sickle","100","{'Mississippi': 1, 'Delaware': 1, 'Minnesota': 2, 'Illinois': 8, 'Indiana': 2, 'Maryland': 2, 'Louisiana': 1, 'Texas': 3, 'Ontario (Canada)': 4, 'Arizona': 1, 'Michigan': 1, 'Virginia': 4, 'Connecticut': 2, 'Tennessee': 2, 'California': 5, 'Massachusetts': 8, 'New Hampshire': 1, 'Pennsylvania': 9, 'Florida': 8, 'Rhode Island': 1, 'Missouri': 2, 'Ohio': 6, 'Colorado': 7, 'New Jersey': 7, 'North Carolina': 3, 'New York': 8, 'Maine': 1}","http://beeradvocate.com/beer/profile/42/84831/?sort=topr","Brewery Ommegang","239","73","321","59","269","255","206","40","146","1","50","69","1728"
"94","Bière de Garde","Abbaye De Saint Bon-Chien","100","{'Brazil': 1, 'Oklahoma': 1, 'Minnesota': 1, 'Illinois': 6, 'Netherlands': 1, 'Indiana': 2, 'Maryland': 4, 'Texas': 1, 'Ontario (Canada)': 3, 'Australia': 2, 'Virginia': 5, 'Connecticut': 3, 'New York': 6, 'California': 9, 'Massachusetts': 7, 'Georgia': 2, 'Pennsylvania': 12, 'Finland': 1, 'Florida': 3, 'Kentucky': 2, 'Missouri': 1, 'Switzerland': 1, 'Ohio': 7, 'Alabama': 1, 'Colorado': 1, 'New Jersey': 4, 'Washington': 2, 'North Carolina': 3, 'Tennessee': 1, 'Montana': 1, 'District of Columbia': 4, 'Maine': 1}","http://beeradvocate.com/beer/profile/2958/30955/?sort=topr","BFM Brasserie Des Franches-Montagnes","239","62","189","133","130","213","53","460","26","123","42","36","1706"
"87","Bière de Garde","Bière De Mars","100","{'Oklahoma': 1, 'Delaware': 1, 'Minnesota': 1, 'Illinois': 7, 'Indiana': 1, 'Maryland': 3, 'Louisiana': 1, 'Texas': 7, 'Wisconsin': 2, 'Michigan': 5, 'Virginia': 2, 'Connecticut': 3, 'Montana': 1, 'New Hampshire': 3, 'Massachusetts': 4, 'South Carolina': 2, 'California': 6, 'Pennsylvania': 10, 'Florida': 2, 'Kentucky': 1, 'Nebraska': 1, 'District of Columbia': 2, 'Ohio': 8, 'Colorado': 2, 'New Jersey': 4, 'Washington': 2, 'North Carolina': 1, 'New York': 16}","http://beeradvocate.com/beer/profile/42/31748/?sort=topr","Brewery Ommegang","231","38","190","35","181","255","111","374","58","10","57","80","1620"
"89","Bière de Garde","3 Monts Flanders Golden Ale","100","{'Italy': 1, 'Alberta (Canada)': 4, 'Illinois': 7, 'Maryland': 3, 'Texas': 1, 'Ontario (Canada)': 1, 'Manitoba (Canada)': 2, 'Australia': 7, 'Iowa': 1, 'Michigan': 4, 'Virginia': 1, 'Oregon': 1, 'District of Columbia': 1, 'California': 13, 'Massachusetts': 4, 'Belgium': 1, 'Germany': 1, 'Netherlands': 2, 'Newfoundland (Canada)': 1, 'Pennsylvania': 1, 'Quebec (Canada)': 6, 'Florida': 1, 'Hawaii': 1, 'Nova Scotia (Canada)': 2, 'South Carolina': 2, 'Kentucky': 1, 'Missouri': 2, 'Ohio': 7, 'France': 1, 'Colorado': 2, 'Portugal': 1, 'South Africa': 1, 'New Jersey': 2, 'Washington': 2, 'North Carolina': 2, 'New York': 6, 'United Kingdom (England)': 1, 'British Columbia (Canada)': 3}","http://beeradvocate.com/beer/profile/260/1308/?sort=topr","Brasserie De Saint-Sylvestre","198","49","249","13","443","256","138","71","79","3","47","126","1672"
"91","Bière de Garde","Fuego Del Otono, Autumn Fire","100","{'Oklahoma': 5, 'Delaware': 1, 'Minnesota': 4, 'Illinois': 9, 'Maryland': 4, 'Louisiana': 1, 'Texas': 3, 'Ontario (Canada)': 4, 'Australia': 2, 'Wisconsin': 1, 'Michigan': 6, 'Oregon': 3, 'District of Columbia': 1, 'New Hampshire': 1, 'Massachusetts': 2, 'California': 15, 'Georgia': 1, 'Pennsylvania': 9, 'Florida': 1, 'Kentucky': 2, 'Missouri': 3, 'Ohio': 6, 'Colorado': 2, 'New Jersey': 2, 'Washington': 1, 'New York': 8, 'Nevada': 1, 'Maine': 1}","http://beeradvocate.com/beer/profile/9897/27545/?sort=topr","Jolly Pumpkin Artisan Ales","253","39","202","65","217","234","101","435","169","75","51","61","1902"
"90","Bière de Garde","Perdition","100","{'Iowa': 1, 'Alberta (Canada)': 1, 'Illinois': 5, 'Ireland': 1, 'Indiana': 1, 'Maryland': 1, 'Idaho': 1, 'Ontario (Canada)': 3, 'Australia': 2, 'Wisconsin': 1, 'Michigan': 1, 'Virginia': 1, 'Oregon': 1, 'Connecticut': 1, 'District of Columbia': 2, 'California': 33, 'Massachusetts': 5, 'South Carolina': 2, 'Georgia': 2, 'Pennsylvania': 7, 'Florida': 1, 'Arizona': 2, 'Missouri': 3, 'Ohio': 7, 'Alabama': 1, 'Colorado': 2, 'New Jersey': 3, 'Washington': 2, 'North Carolina': 2, 'New York': 2, 'Texas': 1, 'Nevada': 2}","http://beeradvocate.com/beer/profile/863/17442/?sort=topr","Russian River Brewing Company","196","47","301","96","225","198","152","60","86","6","42","68","1477"
"85","Bière de Garde","Gavroche","100","{'Alberta (Canada)': 1, 'Minnesota': 1, 'Illinois': 2, 'Georgia': 1, 'Louisiana': 1, 'Texas': 3, 'Ontario (Canada)': 5, 'Manitoba (Canada)': 1, 'Australia': 9, 'Iowa': 1, 'Michigan': 1, 'Oregon': 1, 'Connecticut': 1, 'Prince Edward Island (Canada)': 1, 'New Hampshire': 1, 'Massachusetts': 5, 'California': 15, 'Germany': 2, 'Oklahoma': 1, 'Vermont': 1, 'Netherlands': 2, 'Pennsylvania': 3, 'Quebec (Canada)': 5, 'Alaska': 1, 'Kentucky': 2, 'Rhode Island': 1, 'Nebraska': 1, 'Nova Scotia (Canada)': 2, 'Missouri': 4, 'Ohio': 2, 'Colorado': 2, 'New Jersey': 1, 'Washington': 3, 'North Carolina': 3, 'New York': 8, 'Japan': 1, 'United Kingdom (England)': 1, 'Nevada': 1, 'British Columbia (Canada)': 3}","http://beeradvocate.com/beer/profile/260/723/?sort=topr","Brasserie De Saint-Sylvestre","164","74","376","69","154","258","148","88","34","24","62","59","1510"
"86","Bière de Garde","Southampton Biere De Mars","100","{'Oklahoma': 4, 'Minnesota': 1, 'Illinois': 5, 'Indiana': 2, 'Maryland': 3, 'Idaho': 1, 'Michigan': 1, 'Kansas': 1, 'Virginia': 1, 'Connecticut': 5, 'California': 2, 'Massachusetts': 12, 'South Carolina': 1, 'New Hampshire': 1, 'Germany': 1, 'Georgia': 3, 'Pennsylvania': 23, 'Quebec (Canada)': 1, 'Florida': 2, 'Rhode Island': 2, 'Ohio': 1, 'Colorado': 2, 'New Jersey': 7, 'New York': 17}","http://beeradvocate.com/beer/profile/1628/16786/?sort=topr","Southampton Publick House","166","39","353","29","262","216","154","50","60","5","40","74","1448"
"92","Bière de Garde","Bière De Mars","100","{'Minnesota': 1, 'Illinois': 10, 'Ohio': 7, 'Indiana': 2, 'Maryland': 1, 'Louisiana': 2, 'Texas': 5, 'Ontario (Canada)': 7, 'Australia': 2, 'Wisconsin': 1, 'Michigan': 10, 'Virginia': 1, 'Oregon': 1, 'District of Columbia': 1, 'California': 12, 'Massachusetts': 4, 'South Carolina': 1, 'New Hampshire': 1, 'Vermont': 1, 'Georgia': 2, 'Pennsylvania': 8, 'Quebec (Canada)': 1, 'Florida': 5, 'Kentucky': 1, 'Arizona': 1, 'Missouri': 1, 'Iowa': 1, 'Alabama': 1, 'Colorado': 4, 'New York': 3, 'Maine': 1}","http://beeradvocate.com/beer/profile/9897/25142/?sort=topr","Jolly Pumpkin Artisan Ales","236","53","169","154","147","227","66","452","71","111","62","56","1804"
"85","Bière de Garde","Jenlain Ambrée","100","{'Oklahoma': 2, 'Missouri': 4, 'Minnesota': 1, 'Illinois': 5, 'New Brunswick (Canada)': 1, 'Indiana': 1, 'Maryland': 3, 'Louisiana': 3, 'Texas': 1, 'Australia': 1, 'Iowa': 1, 'United Kingdom (Scotland)': 1, 'Singapore': 1, 'Iceland': 1, 'Michigan': 4, 'Utah': 1, 'Virginia': 2, 'Oregon': 4, 'Connecticut': 1, 'New York': 12, 'New Hampshire': 2, 'Massachusetts': 3, 'Germany': 3, 'Alberta (Canada)': 1, 'Georgia': 3, 'California': 6, 'Pennsylvania': 6, 'Quebec (Canada)': 1, 'Finland': 1, 'Florida': 2, 'Rhode Island': 1, 'District of Columbia': 1, 'Switzerland': 1, 'Ohio': 2, 'Alabama': 1, 'France': 3, 'Colorado': 1, 'New Jersey': 5, 'North Carolina': 2, 'Tennessee': 1, 'United Kingdom (England)': 2, 'Maine': 1}","http://beeradvocate.com/beer/profile/309/27116/?sort=topr","Brasserie Duyck","137","49","410","47","203","199","119","39","46","8","33","54","1344"
"87","Bière de Garde","Biere D'Hougoumont","64","{'Oklahoma': 1, 'Minnesota': 2, 'Illinois': 2, 'Indiana': 1, 'Maryland': 1, 'Texas': 4, 'Ontario (Canada)': 1, 'Michigan': 3, 'Virginia': 3, 'Oregon': 1, 'Montana': 1, 'California': 7, 'Massachusetts': 4, 'South Carolina': 2, 'Georgia': 3, 'Pennsylvania': 5, 'Quebec (Canada)': 1, 'Kentucky': 2, 'Colorado': 1, 'New Jersey': 8, 'Washington': 1, 'North Carolina': 2, 'New York': 7, 'Maine': 1}","http://beeradvocate.com/beer/profile/42/82878/?sort=topr","Brewery Ommegang","141","42","332","29","165","159","56","39","29","92","25","36","1145"
"83","Bière de Garde","Lips Of Faith","53","{'Wisconsin': 3, 'Colorado': 6, 'Oregon': 1, 'Washington': 4, 'Michigan': 2, 'Florida': 2, 'Kentucky': 1, 'Illinois': 6, 'North Carolina': 1, 'Tennessee': 1, 'California': 7, 'Idaho': 2, 'Missouri': 3, 'Oklahoma': 1, 'Arkansas': 1, 'Alabama': 1, 'New York': 1, 'South Carolina': 1, 'Maryland': 1, 'Texas': 6, 'Ontario (Canada)': 1}","http://beeradvocate.com/beer/profile/192/87113/?sort=topr","Biere De Garde","154","23","121","7","224","111","98","48","32","4","21","25","868"
"82","Bière de Garde","Goudale","100","{'Oklahoma': 2, 'Minnesota': 4, 'France': 3, 'Indiana': 2, 'Texas': 1, 'Ontario (Canada)': 3, 'Iowa': 1, 'Wisconsin': 2, 'United Kingdom (Scotland)': 1, 'Iceland': 1, 'Michigan': 2, 'Virginia': 4, 'Oregon': 1, 'Connecticut': 1, 'California': 9, 'Massachusetts': 3, 'West Virginia': 1, 'Belgium': 1, 'New Hampshire': 4, 'Germany': 3, 'Vermont': 3, 'Yukon (Canada)': 1, 'Pennsylvania': 4, 'Poland': 1, 'Finland': 1, 'Florida': 9, 'Kentucky': 2, 'Rhode Island': 1, 'United Kingdom (Northern Ireland)': 1, 'Sweden': 4, 'Arizona': 1, 'Missouri': 1, 'Switzerland': 1, 'Ohio': 5, 'Alabama': 1, 'Illinois': 2, 'Colorado': 1, 'New Jersey': 1, 'North Carolina': 2, 'New York': 6, 'United Kingdom (England)': 2, 'Nevada': 1}","http://beeradvocate.com/beer/profile/813/7451/?sort=topr","Les Brasseurs de Gayant","217","47","277","20","367","219","144","60","46","2","32","88","1519"
"88","Bière de Garde","Schlafly Bière De Garde","100","{'Oklahoma': 2, 'Wyoming': 1, 'Minnesota': 2, 'Illinois': 16, 'New Mexico': 1, 'Indiana': 2, 'Maryland': 2, 'Texas': 4, 'Ontario (Canada)': 2, 'Iowa': 3, 'Kansas': 2, 'Utah': 1, 'Virginia': 4, 'Oregon': 1, 'New York': 6, 'California': 4, 'Massachusetts': 4, 'South Carolina': 2, 'Vermont': 1, 'Georgia': 2, 'Pennsylvania': 1, 'Florida': 1, 'Kentucky': 8, 'Nebraska': 1, 'Missouri': 16, 'Ohio': 4, 'Alabama': 1, 'New Jersey': 2, 'Washington': 1, 'Tennessee': 2, 'District of Columbia': 1}","http://beeradvocate.com/beer/profile/583/39397/?sort=topr","Saint Louis Brewery / Schlafly Tap Room","307","54","295","46","216","239","109","132","54","0","26","56","1534"
"87","Bière de Garde","Castelain Blond Biere De Garde","100","{'Minnesota': 7, 'Illinois': 4, 'Maryland': 2, 'Louisiana': 1, 'Texas': 2, 'Ontario (Canada)': 1, 'Wisconsin': 2, 'Michigan': 3, 'Virginia': 5, 'Oregon': 1, 'Connecticut': 1, 'Montana': 1, 'California': 13, 'Massachusetts': 8, 'Puerto Rico': 1, 'South Carolina': 2, 'New Hampshire': 1, 'Vermont': 1, 'Georgia': 2, 'Pennsylvania': 7, 'Poland': 1, 'Florida': 2, 'Kentucky': 1, 'Rhode Island': 1, 'Nebraska': 2, 'Missouri': 2, 'Ohio': 2, 'Alabama': 2, 'Colorado': 1, 'Mexico': 1, 'New Jersey': 1, 'Washington': 1, 'North Carolina': 7, 'New York': 6, 'District of Columbia': 2, 'Nevada': 1, 'Maine': 1}","http://beeradvocate.com/beer/profile/380/2360/?sort=topr","Brasserie Castelain","153","34","276","16","351","212","161","48","39","7","32","125","1454"
"96","Bière de Garde","Bière De Mars","92","{'Minnesota': 3, 'Illinois': 9, 'Indiana': 2, 'Maryland': 1, 'Texas': 1, 'Ontario (Canada)': 4, 'Iowa': 1, 'Wisconsin': 2, 'Michigan': 6, 'Oregon': 2, 'Connecticut': 2, 'New York': 2, 'New Hampshire': 3, 'Massachusetts': 6, 'South Carolina': 1, 'California': 11, 'Georgia': 2, 'Pennsylvania': 8, 'Quebec (Canada)': 1, 'Florida': 1, 'Kentucky': 2, 'Rhode Island': 1, 'Arizona': 1, 'Ohio': 8, 'Colorado': 4, 'New Jersey': 2, 'Washington': 1, 'North Carolina': 1, 'District of Columbia': 3, 'Nevada': 1}","http://beeradvocate.com/beer/profile/9897/31242/?sort=topr","Grand Reserve","256","38","196","125","153","198","44","546","39","189","47","45","1876"
"87","Bière de Garde","Southampton Biere De Garde","97","{'Minnesota': 1, 'Illinois': 3, 'Indiana': 1, 'Maryland': 1, 'Texas': 2, 'Ontario (Canada)': 1, 'Arizona': 1, 'Iowa': 2, 'Michigan': 2, 'Virginia': 4, 'Oregon': 1, 'Connecticut': 2, 'New York': 13, 'California': 6, 'Massachusetts': 5, 'South Carolina': 2, 'New Hampshire': 1, 'Wisconsin': 1, 'Georgia': 5, 'Pennsylvania': 13, 'Quebec (Canada)': 1, 'Florida': 2, 'Kentucky': 2, 'Rhode Island': 2, 'Nebraska': 1, 'Ohio': 5, 'Colorado': 2, 'New Jersey': 9, 'Washington': 2, 'North Carolina': 2, 'Tennessee': 1, 'Maine': 1}","http://beeradvocate.com/beer/profile/1628/34956/?sort=topr","Southampton Publick House","214","59","403","52","193","245","124","76","77","5","41","64","1553"
"86","Bière de Garde","Private Rye Bière De Garde","23","{'Wisconsin': 1, 'Illinois': 1, 'Connecticut': 1, 'Tennessee': 1, 'New Hampshire': 1, 'Massachusetts': 15, 'New York': 2, 'Rhode Island': 1}","http://beeradvocate.com/beer/profile/26520/79441/?sort=topr","Jack's Abby Brewing","49","17","78","15","87","67","56","44","34","1","11","17","476"
"81","Bière de Garde","Le Mort Vivant","35","{'Colorado': 1, 'New Jersey': 1, 'Delaware': 2, 'Washington': 1, 'New York': 2, 'California': 2, 'Massachusetts': 2, 'Indiana': 1, 'Ohio': 7, 'Alabama': 2, 'Louisiana': 2, 'Texas': 11}","http://beeradvocate.com/beer/profile/16759/76047/?sort=topr","Southern Star Brewing Company","85","18","146","23","61","67","45","19","2","0","7","20","493"
"84","Bière de Garde","Saint Landelin La Divine","94","{'Mississippi': 1, 'Minnesota': 4, 'France': 2, 'Georgia': 4, 'Indiana': 1, 'Maryland': 2, 'Ontario (Canada)': 5, 'Iowa': 1, 'Wisconsin': 2, 'Nebraska': 1, 'Michigan': 2, 'Virginia': 6, 'Slovenia': 1, 'California': 6, 'Massachusetts': 5, 'Belgium': 1, 'New Hampshire': 3, 'Vermont': 2, 'Netherlands': 1, 'Pennsylvania': 1, 'Quebec (Canada)': 1, 'Florida': 11, 'Kentucky': 2, 'Arizona': 1, 'Missouri': 2, 'Ohio': 4, 'Alabama': 1, 'Illinois': 1, 'Colorado': 2, 'Mexico': 1, 'New Jersey': 3, 'Saskatchewan (Canada)': 1, 'North Carolina': 2, 'New York': 9, 'United Kingdom (England)': 2}","http://beeradvocate.com/beer/profile/813/38903/?sort=topr","Les Brasseurs de Gayant","208","45","294","24","294","218","114","56","52","11","24","62","1402"
"90","Bière de Garde","Les Bière Des Sans Culottes","95","{'Minnesota': 5, 'Illinois': 7, 'New Mexico': 1, 'Ohio': 2, 'Indiana': 2, 'Louisiana': 1, 'Ontario (Canada)': 4, 'Arizona': 2, 'Wisconsin': 3, 'Michigan': 8, 'Virginia': 3, 'Oregon': 4, 'District of Columbia': 4, 'California': 5, 'Massachusetts': 9, 'Belgium': 1, 'Georgia': 2, 'Pennsylvania': 6, 'Quebec (Canada)': 2, 'Florida': 3, 'Kentucky': 2, 'Nebraska': 1, 'Iowa': 2, 'United Kingdom (Northern Ireland)': 2, 'Colorado': 1, 'New Jersey': 2, 'Australia': 1, 'North Carolina': 3, 'New York': 2, 'Montana': 1, 'United Kingdom (England)': 1, 'Nevada': 2, 'Maine': 1}","http://beeradvocate.com/beer/profile/1682/4777/?sort=topr","Brasserie La Choulette","203","39","261","12","375","201","114","63","59","9","44","97","1477"
"76","Bière de Garde","Jenlain Blonde","84","{'Oklahoma': 1, 'Wyoming': 1, 'Minnesota': 1, 'Illinois': 6, 'Indiana': 2, 'Maryland': 2, 'Idaho': 1, 'Ontario (Canada)': 3, 'Iowa': 2, 'Wisconsin': 4, 'United Kingdom (Scotland)': 1, 'Michigan': 3, 'United Kingdom (Northern Ireland)': 1, 'Oregon': 2, 'Connecticut': 1, 'California': 5, 'Massachusetts': 6, 'Belgium': 2, 'Vermont': 2, 'Pennsylvania': 6, 'Quebec (Canada)': 1, 'Florida': 2, 'Rhode Island': 1, 'South Carolina': 1, 'Sweden': 1, 'Nebraska': 1, 'Missouri': 1, 'Ohio': 2, 'France': 1, 'Colorado': 1, 'New Jersey': 4, 'North Carolina': 3, 'New York': 4, 'Texas': 5, 'United Kingdom (England)': 2, 'Nevada': 1, 'British Columbia (Canada)': 1}","http://beeradvocate.com/beer/profile/309/6919/?sort=topr","Brasserie Duyck","108","38","253","15","315","167","110","20","24","3","24","74","1151"
"90","Bière de Garde","3 Monts Amber Ale On Lees","69","{'Wyoming': 1, 'Minnesota': 1, 'Illinois': 11, 'Maryland': 2, 'Texas': 1, 'Ontario (Canada)': 1, 'Tennessee': 1, 'Australia': 1, 'Iowa': 1, 'Michigan': 6, 'Oregon': 1, 'Connecticut': 1, 'District of Columbia': 2, 'California': 4, 'Massachusetts': 2, 'South Carolina': 2, 'New Hampshire': 1, 'Vermont': 1, 'Pennsylvania': 1, 'Quebec (Canada)': 4, 'Poland': 1, 'Florida': 1, 'Kentucky': 1, 'Rhode Island': 1, 'Arizona': 1, 'Missouri': 1, 'Ohio': 1, 'Colorado': 3, 'New Jersey': 3, 'Washington': 2, 'North Carolina': 3, 'New York': 6}","http://beeradvocate.com/beer/profile/260/5630/?sort=topr","Brasserie De Saint-Sylvestre","159","42","189","14","194","175","104","37","55","11","43","56","1079"
"85","Bière de Garde","St. Amand","78","{'Minnesota': 4, 'Indiana': 1, 'Texas': 2, 'Arizona': 2, 'Wisconsin': 1, 'Virginia': 2, 'Oregon': 2, 'Connecticut': 2, 'California': 19, 'Massachusetts': 3, 'Germany': 1, 'Vermont': 1, 'Georgia': 2, 'Pennsylvania': 6, 'Florida': 6, 'Alaska': 1, 'Kentucky': 2, 'Rhode Island': 1, 'Nebraska': 1, 'Missouri': 1, 'Ohio': 2, 'Alabama': 2, 'Colorado': 2, 'Mexico': 1, 'New Jersey': 4, 'Australia': 1, 'North Carolina': 3, 'New York': 3}","http://beeradvocate.com/beer/profile/380/2429/?sort=topr","Brasserie Castelain","115","44","277","38","137","147","112","54","20","4","37","52","1037"
"92","Bière de Garde","La Bavaisienne","77","{'Missouri': 1, 'Minnesota': 5, 'Illinois': 10, 'Ohio': 1, 'Indiana': 1, 'Maryland': 1, 'Texas': 1, 'Ontario (Canada)': 1, 'Arizona': 2, 'Iowa': 1, 'Michigan': 1, 'Oregon': 1, 'Connecticut': 2, 'Tennessee': 1, 'California': 4, 'Massachusetts': 3, 'Belgium': 1, 'Georgia': 4, 'Pennsylvania': 5, 'Quebec (Canada)': 2, 'Kentucky': 1, 'Rhode Island': 2, 'Sweden': 2, 'District of Columbia': 1, 'Wisconsin': 5, 'Alabama': 1, 'Colorado': 6, 'New Jersey': 5, 'North Carolina': 2, 'New York': 4}","http://beeradvocate.com/beer/profile/1263/3414/?sort=topr","Brasserie Theillier","110","59","313","50","163","186","148","39","62","7","35","43","1215"
"92","Bière de Garde","Good Harbor Golden Ale","60","{'Minnesota': 1, 'Illinois': 12, 'Ohio': 3, 'Indiana': 1, 'Texas': 1, 'Idaho': 1, 'Ontario (Canada)': 1, 'Arizona': 1, 'Iowa': 2, 'Michigan': 12, 'Connecticut': 2, 'District of Columbia': 1, 'New Hampshire': 1, 'Massachusetts': 1, 'California': 2, 'Vermont': 1, 'Pennsylvania': 6, 'Kentucky': 1, 'Wisconsin': 2, 'New Jersey': 2, 'Washington': 1, 'North Carolina': 1, 'New York': 3, 'Maine': 1}","http://beeradvocate.com/beer/profile/11974/33855/?sort=topr","Leelanau Brewing Company","193","17","65","5","212","126","80","265","46","47","24","50","1130"
"82","Bière de Garde","Rendezvous","44","{'Georgia': 2, 'Wisconsin': 9, 'Colorado': 2, 'Idaho': 1, 'Mexico': 1, 'New Jersey': 6, 'Virginia': 1, 'Michigan': 1, 'Washington': 1, 'Minnesota': 2, 'Oregon': 4, 'Illinois': 1, 'Pennsylvania': 1, 'New York': 1, 'California': 4, 'Massachusetts': 1, 'Iowa': 2, 'Maryland': 1, 'Germany': 1, 'Texas': 1, 'Ontario (Canada)': 1}","http://beeradvocate.com/beer/profile/741/11991/?sort=topr","Lakefront Brewery, Inc.","88","25","146","23","81","75","72","28","31","1","14","21","605"
"80","Bière de Garde","Jenlain Bière De Noël","68","{'Minnesota': 2, 'Illinois': 2, 'Ireland': 1, 'Maryland': 2, 'Louisiana': 2, 'Texas': 2, 'Ontario (Canada)': 1, 'Arizona': 3, 'Iowa': 4, 'Utah': 1, 'Virginia': 2, 'Oregon': 3, 'Connecticut': 1, 'California': 10, 'New Hampshire': 1, 'Georgia': 5, 'Pennsylvania': 2, 'Nebraska': 1, 'China': 1, 'Missouri': 1, 'Wisconsin': 2, 'Alabama': 1, 'France': 1, 'Colorado': 3, 'New Jersey': 4, 'North Carolina': 2, 'New York': 7, 'United Kingdom (England)': 1}","http://beeradvocate.com/beer/profile/309/17291/?sort=topr","Brasserie Duyck","148","29","218","50","122","127","107","31","39","2","26","42","941"
"97","Bière de Garde","Biere De Norma","27","{'South Africa': 1, 'Pennsylvania': 3, 'Quebec (Canada)': 1, 'Delaware': 1, 'Illinois': 4, 'Connecticut': 1, 'New York': 4, 'New Hampshire': 1, 'Massachusetts': 4, 'District of Columbia': 2, 'Indiana': 1, 'South Carolina': 1, 'California': 2, 'Maryland': 1}","http://beeradvocate.com/beer/profile/22511/77351/?sort=topr","Hill Farmstead Brewery","64","18","76","22","72","58","22","129","2","42","21","16","542"
"86","Bière de Garde","La Choulette De Noël","63","{'Minnesota': 4, 'France': 1, 'Maryland': 3, 'Louisiana': 1, 'Texas': 2, 'Ontario (Canada)': 2, 'Arizona': 2, 'Wisconsin': 1, 'Michigan': 3, 'Utah': 1, 'Virginia': 1, 'Oregon': 3, 'Connecticut': 1, 'California': 6, 'Massachusetts': 4, 'South Carolina': 1, 'New Hampshire': 1, 'Pennsylvania': 5, 'Florida': 2, 'Rhode Island': 1, 'Australia': 1, 'Ohio': 2, 'Illinois': 1, 'Colorado': 1, 'New Jersey': 5, 'Washington': 2, 'North Carolina': 2, 'New York': 3, 'Nevada': 1}","http://beeradvocate.com/beer/profile/1682/14430/?sort=topr","Brasserie La Choulette","65","31","250","93","106","122","55","36","38","10","29","39","874"
"90","Bière de Garde","French Country Christmas Ale (Biere De Garde)","66","{'Wyoming': 1, 'Illinois': 1, 'Ontario (Canada)': 2, 'Arizona': 1, 'Michigan': 2, 'Utah': 1, 'Virginia': 1, 'Oregon': 2, 'Connecticut': 1, 'Montana': 1, 'California': 5, 'Massachusetts': 8, 'South Carolina': 2, 'Pennsylvania': 10, 'Quebec (Canada)': 1, 'Australia': 1, 'Missouri': 2, 'New York': 11, 'Colorado': 3, 'New Jersey': 5, 'North Carolina': 2, 'Tennessee': 1, 'District of Columbia': 1, 'Maine': 1}","http://beeradvocate.com/beer/profile/1628/14851/?sort=topr","Southampton Publick House","142","40","232","36","120","127","74","53","61","9","37","48","979"
"88","Bière de Garde","La Choulette Ambrée","64","{'Minnesota': 1, 'France': 1, 'Indiana': 1, 'Maryland': 1, 'Texas': 1, 'Ontario (Canada)': 2, 'Arizona': 1, 'Wisconsin': 2, 'Michigan': 3, 'Kansas': 1, 'Utah': 1, 'Virginia': 3, 'California': 3, 'Massachusetts': 5, 'Belgium': 1, 'New Hampshire': 1, 'Georgia': 2, 'Pennsylvania': 5, 'Quebec (Canada)': 1, 'Rhode Island': 2, 'Nebraska': 1, 'Missouri': 2, 'Ohio': 2, 'United Kingdom (Northern Ireland)': 1, 'Colorado': 3, 'New Jersey': 2, 'North Carolina': 4, 'New York': 4, 'United Kingdom (England)': 3, 'British Columbia (Canada)': 4}","http://beeradvocate.com/beer/profile/1682/5214/?sort=topr","Brasserie La Choulette","119","42","231","38","89","121","64","46","41","5","19","30","845"
"81","Bière de Garde","Scratchin' Hippo","21","{'California': 2, 'Texas': 18}","http://beeradvocate.com/beer/profile/27934/77049/?sort=topr","Adelbert's Brewery","30","8","50","9","28","49","30","15","6","2","7","9","243"
"91","Bière de Garde","Cuvée Des Jonquilles","48","{'Minnesota': 1, 'Illinois': 3, 'Maryland': 3, 'Texas': 1, 'Ontario (Canada)': 1, 'Wisconsin': 1, 'Virginia': 1, 'Oregon': 2, 'California': 9, 'Massachusetts': 5, 'Belgium': 1, 'Georgia': 2, 'Pennsylvania': 3, 'Florida': 2, 'Missouri': 1, 'Ohio': 1, 'France': 2, 'Colorado': 3, 'New Jersey': 2, 'North Carolina': 2, 'New York': 1, 'United Kingdom (England)': 1}","http://beeradvocate.com/beer/profile/7548/13813/?sort=topr","Brasserie Bailleux","118","20","108","6","172","126","77","45","33","2","31","60","798"
"86","Bière de Garde","Schell's Snowstorm 2012","18","{'Iowa': 1, 'Pennsylvania': 1, 'Saskatchewan (Canada)': 1, 'Minnesota': 13, 'Illinois': 1, 'Missouri': 1}","http://beeradvocate.com/beer/profile/417/86559/?sort=topr","August Schell Brewing Company","48","7","66","18","33","40","39","9","36","0","7","5","308"
"83","Bière de Garde","La Choulette Blonde","52","{'Italy': 1, 'Minnesota': 5, 'Illinois': 1, 'Ontario (Canada)': 7, 'Manitoba (Canada)': 1, 'Michigan': 6, 'Kansas': 1, 'Virginia': 1, 'Oregon': 1, 'California': 1, 'Massachusetts': 3, 'Belgium': 1, 'New Hampshire': 1, 'Vermont': 1, 'Pennsylvania': 2, 'Quebec (Canada)': 1, 'Rhode Island': 1, 'Nebraska': 1, 'Missouri': 2, 'France': 1, 'Colorado': 2, 'Mexico': 1, 'New Jersey': 2, 'North Carolina': 3, 'New York': 2, 'United Kingdom (England)': 2, 'British Columbia (Canada)': 1}","http://beeradvocate.com/beer/profile/1682/5213/?sort=topr","Brasserie La Choulette","92","23","148","16","150","109","59","44","35","7","12","35","730"
"76","Bière de Garde","Jenlain Bière De Printemps","46","{'Pennsylvania': 1, 'Georgia': 3, 'Iowa': 3, 'Colorado': 1, 'New Jersey': 2, 'Oregon': 1, 'Michigan': 1, 'Kansas': 1, 'Minnesota': 2, 'Nova Scotia (Canada)': 1, 'Illinois': 1, 'North Carolina': 1, 'New York': 2, 'California': 5, 'Massachusetts': 4, 'Colombia': 1, 'Quebec (Canada)': 1, 'Wisconsin': 1, 'British Columbia (Canada)': 2, 'Louisiana': 1, 'Ontario (Canada)': 11}","http://beeradvocate.com/beer/profile/309/16850/?sort=topr","Brasserie Duyck","81","17","161","7","200","97","83","27","11","0","21","44","749"
"89","Bière de Garde","Brett Bière De Garde","18","{'New Jersey': 1, 'New York': 2, 'California': 1, 'Massachusetts': 12, 'Illinois': 2}","http://beeradvocate.com/beer/profile/26520/80606/?sort=topr","Jack's Abby Brewing","45","17","44","5","68","41","22","108","7","11","21","16","405"
"87","Bière de Garde","Bière De Garde","43","{'Oklahoma': 12, 'Minnesota': 2, 'Illinois': 3, 'Arkansas': 1, 'Indiana': 1, 'Texas': 1, 'Ontario (Canada)': 1, 'Wisconsin': 1, 'Kansas': 1, 'Utah': 1, 'California': 3, 'Massachusetts': 1, 'Georgia': 1, 'Pennsylvania': 2, 'Florida': 1, 'Kentucky': 2, 'Rhode Island': 1, 'Nebraska': 1, 'Missouri': 2, 'Iowa': 2, 'Saskatchewan (Canada)': 1, 'North Carolina': 1, 'New York': 1}","http://beeradvocate.com/beer/profile/4707/39570/?sort=topr","Choc Beer Co. / Pete's Place","147","29","151","23","102","98","31","27","34","3","20","37","702"
"93","Bière de Garde","Tralfamadorian","11","{'New Jersey': 1, 'Delaware': 1, 'Virginia': 1, 'Illinois': 1, 'Pennsylvania': 5, 'District of Columbia': 1, 'Indiana': 1}","http://beeradvocate.com/beer/profile/28383/92283/?sort=topr","Tired Hands Brewing Company","22","4","37","24","20","26","3","35","0","14","8","6","199"
"87","Bière de Garde","LAmbrée DEsquelbecq / Thiriez Amber","39","{'Alberta (Canada)': 1, 'Minnesota': 1, 'Illinois': 1, 'Maryland': 1, 'Arizona': 1, 'Iowa': 1, 'Michigan': 1, 'Oregon': 1, 'District of Columbia': 1, 'California': 2, 'Massachusetts': 5, 'Belgium': 1, 'Georgia': 1, 'Pennsylvania': 4, 'Quebec (Canada)': 1, 'Florida': 1, 'South Carolina': 1, 'Sweden': 2, 'Nebraska': 1, 'Missouri': 1, 'France': 2, 'New Jersey': 2, 'North Carolina': 1, 'New York': 5}","http://beeradvocate.com/beer/profile/4315/9794/?sort=topr","Brasserie Thiriez","91","18","139","33","90","128","68","32","32","3","20","27","681"
"83","Bière de Garde","Ch'ti Blonde","33","{'Oklahoma': 1, 'Minnesota': 2, 'France': 4, 'Ireland': 1, 'Maryland': 1, 'Ontario (Canada)': 1, 'Wisconsin': 1, 'United Kingdom (Scotland)': 1, 'Michigan': 2, 'District of Columbia': 1, 'Massachusetts': 1, 'Belgium': 1, 'Spain': 1, 'Pennsylvania': 3, 'Quebec (Canada)': 2, 'Finland': 1, 'Switzerland': 2, 'Illinois': 1, 'Colorado': 1, 'Washington': 1, 'North Carolina': 1, 'New York': 1, 'United Kingdom (England)': 2}","http://beeradvocate.com/beer/profile/380/17369/?sort=topr","Brasserie Castelain","60","15","70","7","112","71","60","8","9","1","17","22","452"
"89","Bière de Garde","Bellerose","11","{'New Jersey': 2, 'Minnesota': 2, 'Pennsylvania': 1, 'New York': 2, 'Massachusetts': 1, 'United Kingdom (England)': 1, 'Louisiana': 1}","http://beeradvocate.com/beer/profile/9730/80050/?sort=topr","Brasserie des Sources","30","4","16","3","48","29","23","5","9","0","8","16","191"
"71","Bière de Garde","Biere Au Nougat","21","{'Wisconsin': 2, 'Pennsylvania': 2, 'Virginia': 1, 'Michigan': 2, 'Minnesota': 1, 'Illinois': 3, 'New Jersey': 2, 'New York': 1, 'California': 1, 'Massachusetts': 2, 'Missouri': 1, 'Iowa': 1, 'France': 1, 'Spain': 1}","http://beeradvocate.com/beer/profile/9446/38914/?sort=topr","Brasserie Bourganel","7","10","85","2","79","43","13","1","0","1","3","8","252"
"86","Bière de Garde","Portsmouth Bière De Garde","24","{'Colorado': 1, 'Pennsylvania': 2, 'Washington': 1, 'Florida': 1, 'Oregon': 1, 'New York': 2, 'New Hampshire': 3, 'Massachusetts': 7, 'Missouri': 1, 'South Carolina': 1, 'Maine': 4}","http://beeradvocate.com/beer/profile/596/27898/?sort=topr","Portsmouth Brewery","59","13","93","9","63","52","36","10","18","0","6","14","373"
"88","Bière de Garde","Brewer's Art La Petroleuse","20","{'Colorado': 1, 'Pennsylvania': 2, 'Florida': 2, 'Utah': 1, 'Virginia': 1, 'Oregon': 3, 'Illinois': 1, 'New Jersey': 1, 'District of Columbia': 1, 'California': 1, 'North Carolina': 1, 'Kentucky': 1, 'Missouri': 1, 'Maryland': 3}","http://beeradvocate.com/beer/profile/997/15705/?sort=topr","The Brewer's Art","47","17","78","9","32","54","24","4","22","0","9","21","317"
"83","Bière de Garde","Spring 2012 Bière De Mars","19","{'Pennsylvania': 1, 'Florida': 1, 'Oregon': 1, 'New York': 3, 'California': 10, 'Texas': 2}","http://beeradvocate.com/beer/profile/24940/80901/?sort=topr","Almanac Beer Co.","26","6","90","13","49","39","37","4","27","3","13","10","317"
"85","Bière de Garde","French Kiss","26","{'Vermont': 1, 'Georgia': 1, 'Pennsylvania': 12, 'Florida': 1, 'Minnesota': 1, 'Oregon': 2, 'Rhode Island': 1, 'New Jersey': 1, 'New York': 1, 'California': 2, 'Massachusetts': 1, 'Ohio': 1, 'Ontario (Canada)': 1}","http://beeradvocate.com/beer/profile/1114/50233/?sort=topr","Bullfrog Brewery","81","13","99","31","50","59","35","43","20","0","15","7","453"
"84","Bière de Garde","Spice Of Life","13","{'Pennsylvania': 1, 'California': 11, 'Wisconsin': 1}","http://beeradvocate.com/beer/profile/23641/63517/?sort=topr","Iron Fist Brewing Company","25","5","14","7","31","23","24","6","24","2","3","12","176"
"85","Bière de Garde","Le Contrabassiste","11","{'Pennsylvania': 2, 'Saskatchewan (Canada)': 1, 'Michigan': 2, 'Minnesota': 3, 'Kentucky': 1, 'Illinois': 1, 'Ohio': 1}","http://beeradvocate.com/beer/profile/287/59003/?sort=topr","Bell's Brewery, Inc.","16","5","59","17","20","23","14","3","6","13","18","3","197"
"84","Bière de Garde","Electrostatic","18","{'Wyoming': 1, 'Arizona': 1, 'Iowa': 1, 'Pennsylvania': 1, 'Georgia': 1, 'Delaware': 1, 'Utah': 1, 'North Carolina': 1, 'New York': 2, 'California': 7, 'New Hampshire': 1}","http://beeradvocate.com/beer/profile/12351/45480/?sort=topr","Lightning Brewery","51","13","68","2","42","46","17","5","21","1","4","11","281"
"84","Bière de Garde","Diversey &amp; Lille","6","{'Pennsylvania': 1, 'California': 1, 'Illinois': 4}","http://beeradvocate.com/beer/profile/689/83798/?sort=topr","Two Brothers Brewing Company","4","2","30","0","9","17","10","2","0","2","7","3","86"
"82","Berliner Weissbier","Festina Pêche","100","{'Delaware': 3, 'Illinois': 4, 'Indiana': 1, 'Maryland': 3, 'Texas': 15, 'Ontario (Canada)': 2, 'Michigan': 4, 'Virginia': 3, 'Connecticut': 4, 'Montana': 1, 'California': 6, 'Massachusetts': 7, 'West Virginia': 1, 'South Carolina': 2, 'Georgia': 3, 'Pennsylvania': 6, 'Florida': 1, 'Tennessee': 1, 'Missouri': 2, 'Ohio': 2, 'Colorado': 3, 'Mexico': 2, 'New Jersey': 8, 'Washington': 3, 'New York': 9}","http://beeradvocate.com/beer/profile/10099/35720/?sort=topr","Dogfish Head Brewery","132","39","118","8","370","228","34","248","3","0","32","217","1429"
"80","Berliner Weissbier","Bell's Oarsman","100","{'Oklahoma': 1, 'Minnesota': 3, 'Illinois': 11, 'Arkansas': 1, 'Indiana': 6, 'Maryland': 1, 'Texas': 3, 'Ontario (Canada)': 2, 'Arizona': 4, 'Wisconsin': 2, 'Michigan': 8, 'Virginia': 4, 'Connecticut': 1, 'Tennessee': 1, 'California': 5, 'Massachusetts': 3, 'South Carolina': 1, 'Georgia': 1, 'Pennsylvania': 12, 'Florida': 4, 'Kentucky': 3, 'Rhode Island': 1, 'Missouri': 1, 'Ohio': 4, 'Alabama': 1, 'Colorado': 3, 'New Jersey': 4, 'Washington': 1, 'North Carolina': 3, 'New York': 3, 'Nevada': 1}","http://beeradvocate.com/beer/profile/287/49092/?sort=topr","Bell's Brewery, Inc.","166","33","98","10","438","216","69","318","6","1","21","158","1534"
"91","Berliner Weissbier","Professor Fritz Briem 1809 Berliner Weisse","100","{'Oklahoma': 1, 'New Hampshire': 1, 'Minnesota': 4, 'Illinois': 9, 'Indiana': 3, 'Louisiana': 1, 'Ontario (Canada)': 2, 'Arizona': 2, 'Wisconsin': 3, 'Michigan': 2, 'Kansas': 1, 'Virginia': 1, 'Oregon': 2, 'Connecticut': 2, 'Tennessee': 2, 'California': 14, 'Massachusetts': 2, 'Delaware': 1, 'China': 1, 'Georgia': 2, 'Pennsylvania': 7, 'Florida': 4, 'Kentucky': 1, 'Rhode Island': 1, 'Missouri': 3, 'Ohio': 2, 'Colorado': 6, 'New Jersey': 5, 'Saskatchewan (Canada)': 1, 'Washington': 5, 'North Carolina': 1, 'New York': 4, 'District of Columbia': 1, 'Maine': 1, 'British Columbia (Canada)': 1}","http://beeradvocate.com/beer/profile/23495/36378/?sort=topr","Professor Fritz Briem","318","37","103","12","406","279","80","359","28","4","45","184","1855"
"91","Berliner Weissbier","Hottenroth Berliner Weisse","100","{'Missouri': 1, 'Illinois': 7, 'Indiana': 4, 'Maryland': 1, 'Ontario (Canada)': 4, 'Australia': 1, 'Iowa': 3, 'Michigan': 1, 'Virginia': 3, 'Oregon': 2, 'Connecticut': 2, 'Montana': 1, 'California': 19, 'Massachusetts': 2, 'West Virginia': 1, 'South Carolina': 1, 'New Hampshire': 1, 'Germany': 1, 'Vermont': 2, 'Georgia': 3, 'Pennsylvania': 7, 'Quebec (Canada)': 1, 'Poland': 1, 'Florida': 1, 'Kentucky': 2, 'District of Columbia': 2, 'Ohio': 6, 'Alabama': 1, 'Colorado': 1, 'New Jersey': 5, 'Washington': 2, 'North Carolina': 1, 'New York': 7, 'Nevada': 1, 'British Columbia (Canada)': 1}","http://beeradvocate.com/beer/profile/16866/43889/?sort=topr","The Bruery","231","25","87","7","444","243","39","400","11","6","35","158","1686"
"92","Berliner Weissbier","Thumbprint Berliner Weiss","100","{'Minnesota': 2, 'Illinois': 19, 'Ohio': 3, 'Louisiana': 1, 'Texas': 2, 'Ontario (Canada)': 3, 'Iowa': 3, 'Michigan': 1, 'Utah': 1, 'Virginia': 3, 'Oregon': 3, 'Connecticut': 3, 'Tennessee': 1, 'California': 8, 'Massachusetts': 2, 'West Virginia': 2, 'New Hampshire': 2, 'Germany': 1, 'Georgia': 3, 'Pennsylvania': 6, 'Florida': 1, 'Alaska': 1, 'Kentucky': 1, 'Rhode Island': 1, 'Missouri': 3, 'Wisconsin': 14, 'Colorado': 3, 'Saskatchewan (Canada)': 1, 'Washington': 1, 'North Carolina': 1, 'New York': 2, 'United Kingdom (England)': 1, 'Maine': 1}","http://beeradvocate.com/beer/profile/590/43456/?sort=topr","New Glarus Brewing Company","347","32","122","11","424","252","56","391","5","5","51","155","1851"
"82","Berliner Weissbier","Berliner Style Weisse","100","{'Delaware': 1, 'Minnesota': 4, 'Illinois': 10, 'Indiana': 1, 'Maryland': 3, 'Louisiana': 1, 'Texas': 2, 'Ontario (Canada)': 1, 'Australia': 3, 'Wisconsin': 1, 'Kansas': 1, 'Virginia': 1, 'Oregon': 1, 'Connecticut': 1, 'District of Columbia': 1, 'California': 12, 'Massachusetts': 7, 'South Carolina': 1, 'Georgia': 3, 'Pennsylvania': 9, 'Quebec (Canada)': 2, 'Florida': 4, 'Kentucky': 1, 'Rhode Island': 2, 'Missouri': 3, 'Ohio': 5, 'Colorado': 4, 'New Jersey': 4, 'Washington': 2, 'New York': 5, 'Nevada': 2, 'Maine': 2}","http://beeradvocate.com/beer/profile/4909/37039/?sort=topr","Gasthaus &amp; Gosebrauerei Bayerischer Bahnhof","185","46","125","13","436","218","60","324","9","1","19","140","1576"
"93","Berliner Weissbier","Brettanomyces Lambicus Berliner Style Weisse","100","{'Mississippi': 1, 'Delaware': 1, 'Minnesota': 2, 'Illinois': 14, 'Indiana': 2, 'Maryland': 4, 'Ontario (Canada)': 4, 'Arizona': 1, 'Wisconsin': 2, 'Michigan': 1, 'Virginia': 1, 'Oregon': 5, 'Connecticut': 2, 'District of Columbia': 5, 'California': 4, 'Massachusetts': 8, 'South Carolina': 5, 'Georgia': 4, 'Pennsylvania': 9, 'Quebec (Canada)': 1, 'Florida': 3, 'Kentucky': 1, 'Missouri': 2, 'Colorado': 2, 'New Jersey': 3, 'Washington': 1, 'North Carolina': 1, 'New York': 7, 'Nevada': 1, 'Maine': 2, 'British Columbia (Canada)': 1}","http://beeradvocate.com/beer/profile/4909/65752/?sort=topr","Gasthaus &amp; Gosebrauerei Bayerischer Bahnhof","191","44","88","5","450","286","69","536","9","2","52","172","1904"
"97","Berliner Weissbier","Tartare","57","{'Georgia': 1, 'Pennsylvania': 14, 'Florida': 1, 'Washington': 4, 'Oregon': 1, 'Illinois': 3, 'New Jersey': 4, 'New York': 4, 'California': 16, 'Massachusetts': 2, 'District of Columbia': 1, 'Indiana': 1, 'Maryland': 1, 'Nevada': 1, 'Texas': 2, 'British Columbia (Canada)': 1}","http://beeradvocate.com/beer/profile/610/75491/?sort=topr","Bear Republic Brewing Co.","131","16","29","7","195","113","57","336","0","25","18","41","968"
"80","Berliner Weissbier","Berliner Kindl Weisse","100","{'Brazil': 1, 'Netherlands': 1, 'Iowa': 2, 'Italy': 1, 'Oklahoma': 1, 'Wyoming': 1, 'Minnesota': 2, 'Illinois': 6, 'Georgia': 3, 'Indiana': 1, 'Norway': 1, 'Texas': 1, 'Ontario (Canada)': 2, 'Manitoba (Canada)': 1, 'Australia': 2, 'Wisconsin': 4, 'United Kingdom (Scotland)': 2, 'Michigan': 3, 'Kansas': 1, 'Utah': 1, 'Virginia': 1, 'Oregon': 2, 'Connecticut': 1, 'Tennessee': 1, 'California': 7, 'Massachusetts': 2, 'Belgium': 1, 'Germany': 4, 'United Kingdom (Wales)': 1, 'Delaware': 1, 'Pennsylvania': 4, 'Quebec (Canada)': 1, 'Finland': 1, 'Florida': 2, 'Hawaii': 1, 'Kentucky': 2, 'Rhode Island': 2, 'Sweden': 1, 'Missouri': 2, 'Switzerland': 1, 'Ohio': 2, 'France': 1, 'Colorado': 2, 'New Jersey': 5, 'Washington': 1, 'North Carolina': 5, 'New York': 5, 'United Kingdom (England)': 3, 'Maine': 1}","http://beeradvocate.com/beer/profile/1401/3708/?sort=topr","Berliner Kindl Brauerei","195","90","99","8","358","212","61","389","5","0","30","145","1592"
"84","Berliner Weissbier","White Birch Berliner Weisse","90","{'Delaware': 1, 'Minnesota': 1, 'Illinois': 8, 'Indiana': 1, 'Idaho': 1, 'Arizona': 2, 'Wisconsin': 2, 'Connecticut': 4, 'District of Columbia': 2, 'New Hampshire': 8, 'Massachusetts': 17, 'South Carolina': 3, 'California': 10, 'Vermont': 1, 'Georgia': 3, 'Pennsylvania': 6, 'Florida': 3, 'Rhode Island': 2, 'Missouri': 1, 'Ohio': 2, 'Colorado': 1, 'Saskatchewan (Canada)': 1, 'Washington': 1, 'North Carolina': 1, 'New York': 3, 'Nevada': 1, 'Maine': 4}","http://beeradvocate.com/beer/profile/20417/59462/?sort=topr","White Birch Brewing","195","22","75","6","422","224","58","373","18","4","35","146","1578"
"82","Berliner Weissbier","Snarling Badger Berliner Weisse","55","{'Oklahoma': 1, 'Wyoming': 1, 'Minnesota': 2, 'Illinois': 5, 'Ohio': 1, 'Texas': 1, 'Ontario (Canada)': 2, 'Manitoba (Canada)': 1, 'Iowa': 2, 'Michigan': 1, 'Utah': 1, 'California': 10, 'Massachusetts': 6, 'South Carolina': 2, 'Georgia': 3, 'Kentucky': 1, 'Rhode Island': 1, 'Missouri': 2, 'Wisconsin': 1, 'Colorado': 5, 'Saskatchewan (Canada)': 1, 'Washington': 1, 'North Carolina': 2, 'New York': 1, 'Nevada': 1}","http://beeradvocate.com/beer/profile/413/79301/?sort=topr","Grand Teton Brewing Co.","164","27","92","13","173","126","32","156","34","6","13","48","884"
"89","Berliner Weissbier","Reserve Wheat Ale","77","{'Oklahoma': 1, 'Minnesota': 2, 'Illinois': 2, 'Maryland': 2, 'Texas': 2, 'Ontario (Canada)': 1, 'Australia': 1, 'Iowa': 3, 'Connecticut': 1, 'District of Columbia': 3, 'California': 35, 'Massachusetts': 3, 'South Carolina': 1, 'New Hampshire': 1, 'Georgia': 2, 'Pennsylvania': 4, 'Florida': 1, 'Rhode Island': 1, 'Arizona': 2, 'Ohio': 2, 'New York': 1, 'New Jersey': 2, 'Saskatchewan (Canada)': 1, 'North Carolina': 2, 'Tennessee': 1}","http://beeradvocate.com/beer/profile/13065/48084/?sort=topr","Telegraph Brewing Company","184","22","59","7","290","168","62","281","16","7","25","127","1248"
"81","Berliner Weissbier","Blue Lady","27","{'Pennsylvania': 1, 'Michigan': 1, 'Illinois': 17, 'New York': 1, 'California': 1, 'Massachusetts': 2, 'Indiana': 1, 'Ohio': 1, 'Rhode Island': 1}","http://beeradvocate.com/beer/profile/28178/85104/?sort=topr","Pipeworks Brewing Company","82","13","35","10","79","79","7","119","0","6","5","44","479"
"79","Berliner Weissbier","Chris's Summer Delight (Brewer's Share)","44","{'Georgia': 2, 'Iowa': 1, 'Colorado': 4, 'New Jersey': 3, 'Washington': 5, 'North Carolina': 1, 'Utah': 1, 'Virginia': 1, 'Oregon': 6, 'Minnesota': 1, 'Pennsylvania': 1, 'Connecticut': 1, 'Arizona': 1, 'California': 3, 'Massachusetts': 1, 'Missouri': 1, 'New York': 6, 'Louisiana': 1, 'Idaho': 1, 'British Columbia (Canada)': 1}","http://beeradvocate.com/beer/profile/5316/82366/?sort=topr","Full Sail Brewery &amp; Tasting Room &amp; Pub","79","9","60","7","199","108","22","134","3","0","12","74","707"
"82","Berliner Weissbier","Bonnie The Rare","21","{'Colorado': 1, 'Pennsylvania': 2, 'Delaware': 1, 'Washington': 1, 'California': 2, 'South Carolina': 1, 'Ohio': 1, 'Louisiana': 1, 'Texas': 11}","http://beeradvocate.com/beer/profile/24018/75576/?sort=topr","Jester King Craft Brewery","45","1","32","4","86","52","24","73","4","0","4","17","342"
"88","Berliner Weissbier","Well Read Temptress","22","{'Michigan': 2, 'Delaware': 1, 'Oregon': 1, 'Illinois': 13, 'New York': 1, 'California': 2, 'Ontario (Canada)': 2}","http://beeradvocate.com/beer/profile/28178/86321/?sort=topr","Pipeworks Brewing Company","23","6","18","4","70","46","8","77","0","0","11","47","310"
"85","Berliner Weissbier","Freigeist Abraxxxas","38","{'Netherlands': 1, 'Colorado': 1, 'Slovenia': 1, 'Pennsylvania': 8, 'Quebec (Canada)': 1, 'Florida': 2, 'Kentucky': 1, 'Illinois': 3, 'New Jersey': 4, 'New York': 2, 'New Hampshire': 1, 'Massachusetts': 2, 'Ohio': 1, 'South Carolina': 1, 'California': 6, 'United Kingdom (England)': 1, 'Ontario (Canada)': 2}","http://beeradvocate.com/beer/profile/10574/57433/?sort=topr","Gasthaus-Brauerei Braustelle","89","18","60","15","146","91","33","111","14","129","12","34","752"
