"Name","Brewery","Rating","Link","Style","Locations","Num Reviews","Light","Dark","Fruit","Sweet","Carbonation","Bitter","Spice"
"Southampton Pumpkin Ale","Southampton Publick House","83","http://beeradvocate.com/beer/profile/1628/7799/?sort=topr","Pumpkin Ale","{'Oklahoma': 2, 'Illinois': 1, 'Indiana': 2, 'Maryland': 2, 'Michigan': 1, 'Kansas': 1, 'Virginia': 1, 'Connecticut': 2, 'District of Columbia': 1, 'California': 4, 'Massachusetts': 13, 'South Carolina': 1, 'Vermont': 1, 'Georgia': 1, 'Pennsylvania': 22, 'Florida': 5, 'Kentucky': 1, 'Missouri': 1, 'Ohio': 3, 'New Jersey': 7, 'Washington': 1, 'North Carolina': 2, 'New York': 21}","100","332","160","121","304","221","79","770"
"Devious Imperial Pumpkin","Bethlehem Brew Works","85","http://beeradvocate.com/beer/profile/1636/62122/?sort=topr","Pumpkin Ale","{'Mississippi': 1, 'Pennsylvania': 18, 'Virginia': 1, 'North Carolina': 1, 'Illinois': 1, 'New Jersey': 5, 'Connecticut': 1, 'New York': 1, 'Missouri': 1, 'Maryland': 3}","36","75","81","46","105","75","24","267"
"Good Gourd Imperial Pumpkin Ale","Cigar City Brewing","95","http://beeradvocate.com/beer/profile/17981/47020/?sort=topr","Pumpkin Ale","{'Delaware': 2, 'Illinois': 6, 'Indiana': 1, 'Maryland': 1, 'Louisiana': 1, 'Texas': 1, 'Michigan': 1, 'Virginia': 6, 'Connecticut': 2, 'New York': 8, 'New Hampshire': 1, 'Massachusetts': 7, 'South Carolina': 1, 'California': 4, 'Georgia': 1, 'Pennsylvania': 10, 'Florida': 28, 'Kentucky': 1, 'Rhode Island': 1, 'District of Columbia': 1, 'Ohio': 3, 'Colorado': 1, 'New Jersey': 2, 'Missouri': 1, 'Washington': 1, 'North Carolina': 3, 'Tennessee': 2}","100","247","296","118","354","215","88","920"
"The Great Pumpkin","Elysian Brewing Company","92","http://beeradvocate.com/beer/profile/700/33394/?sort=topr","Pumpkin Ale","{'Delaware': 1, 'Illinois': 5, 'Indiana': 1, 'Maryland': 4, 'Idaho': 2, 'Tennessee': 2, 'Arizona': 1, 'Virginia': 1, 'Oregon': 4, 'Connecticut': 2, 'Montana': 1, 'California': 4, 'Massachusetts': 1, 'Vermont': 1, 'Pennsylvania': 16, 'Florida': 1, 'Alaska': 1, 'Rhode Island': 1, 'Ohio': 3, 'New York': 9, 'Colorado': 4, 'South Africa': 1, 'New Jersey': 8, 'Washington': 16, 'North Carolina': 1, 'District of Columbia': 1, 'Texas': 1, 'Maine': 1}","100","310","250","157","387","198","78","970"
"Heavy Seas","The Great'er Pumpkin","87","http://beeradvocate.com/beer/profile/898/60505/?sort=topr","Pumpkin Ale","{'Delaware': 1, 'Illinois': 4, 'Indiana': 2, 'Maryland': 8, 'Texas': 1, 'Arizona': 1, 'Michigan': 6, 'Virginia': 9, 'Connecticut': 3, 'District of Columbia': 3, 'California': 4, 'Massachusetts': 12, 'South Carolina': 1, 'New Hampshire': 2, 'Georgia': 5, 'Pennsylvania': 7, 'Florida': 3, 'Rhode Island': 4, 'Ohio': 3, 'Alabama': 3, 'New York': 7, 'Colorado': 1, 'New Jersey': 3, 'North Carolina': 2, 'Tennessee': 1, 'Maine': 1}","100","224","315","152","633","211","60","698"
"Schlafly Pumpkin Ale","Saint Louis Brewery / Schlafly Tap Room","94","http://beeradvocate.com/beer/profile/583/32767/?sort=topr","Pumpkin Ale","{'Delaware': 1, 'Minnesota': 2, 'Illinois': 12, 'Indiana': 5, 'Maryland': 2, 'Iowa': 3, 'Wisconsin': 3, 'Kansas': 1, 'Virginia': 7, 'Connecticut': 1, 'New York': 5, 'California': 2, 'Massachusetts': 2, 'West Virginia': 1, 'Spain': 1, 'Georgia': 2, 'Pennsylvania': 11, 'Florida': 2, 'Kentucky': 4, 'District of Columbia': 4, 'Ohio': 1, 'Colorado': 2, 'South Africa': 1, 'New Jersey': 8, 'Missouri': 5, 'Washington': 2, 'North Carolina': 3, 'Tennessee': 2}","100","232","268","113","326","182","61","874"
"Small Patch Pumpkin Harvest Ale","Tommyknocker Brewery","76","http://beeradvocate.com/beer/profile/156/72120/?sort=topr","Pumpkin Ale","{'Delaware': 1, 'Minnesota': 5, 'Illinois': 3, 'Ireland': 1, 'Ohio': 6, 'Maryland': 4, 'Iowa': 1, 'Michigan': 2, 'Virginia': 1, 'Connecticut': 1, 'California': 1, 'West Virginia': 2, 'Georgia': 2, 'Pennsylvania': 9, 'Florida': 6, 'Nebraska': 1, 'Missouri': 1, 'Wisconsin': 3, 'Colorado': 7, 'New Jersey': 3, 'North Carolina': 2, 'New York': 2}","65","225","203","36","296","140","51","409"
"Post Road Pumpkin Ale","Brooklyn Brewery","80","http://beeradvocate.com/beer/profile/45/74/?sort=topr","Pumpkin Ale","{'Minnesota': 5, 'Illinois': 4, 'New Mexico': 1, 'Indiana': 1, 'Maryland': 4, 'Louisiana': 2, 'Texas': 4, 'Arizona': 1, 'Wisconsin': 2, 'Virginia': 4, 'Oregon': 1, 'Connecticut': 1, 'Montana': 1, 'New Hampshire': 1, 'Massachusetts': 5, 'West Virginia': 1, 'South Carolina': 3, 'Georgia': 2, 'Pennsylvania': 13, 'Florida': 5, 'Kentucky': 2, 'Missouri': 2, 'Ohio': 2, 'Colorado': 1, 'New Jersey': 4, 'North Carolina': 1, 'New York': 6, 'Maine': 2}","100","440","206","135","322","240","181","809"
"Smuttynose Pumpkin Ale","Smuttynose Brewing Company","84","http://beeradvocate.com/beer/profile/141/11819/?sort=topr","Pumpkin Ale","{'Illinois': 9, 'Maryland': 1, 'Arizona': 2, 'Iowa': 1, 'Virginia': 5, 'Connecticut': 4, 'Montana': 1, 'New Hampshire': 1, 'Massachusetts': 7, 'West Virginia': 1, 'South Carolina': 2, 'California': 1, 'Wisconsin': 1, 'Georgia': 2, 'Pennsylvania': 17, 'Florida': 4, 'Rhode Island': 2, 'Missouri': 2, 'Ohio': 4, 'France': 1, 'New Jersey': 3, 'North Carolina': 5, 'New York': 13, 'District of Columbia': 1, 'Maine': 2}","100","337","182","146","229","216","253","789"
"New Holland Ichabod Ale","New Holland Brewing Company","79","http://beeradvocate.com/beer/profile/335/1567/?sort=topr","Pumpkin Ale","{'Minnesota': 7, 'Illinois': 7, 'Ireland': 1, 'Indiana': 3, 'Maryland': 1, 'Texas': 1, 'Wisconsin': 4, 'Michigan': 9, 'Virginia': 6, 'Connecticut': 1, 'Montana': 1, 'California': 2, 'Massachusetts': 3, 'West Virginia': 1, 'South Carolina': 2, 'Spain': 1, 'Georgia': 3, 'Pennsylvania': 9, 'Florida': 2, 'Alaska': 1, 'Kentucky': 1, 'Missouri': 2, 'Ohio': 12, 'New Jersey': 5, 'North Carolina': 6, 'New York': 5}","100","362","147","97","272","202","148","851"
"Shipyard Smashed Pumpkin (Pugsley's Signature Series)","Shipyard Brewing Co.","84","http://beeradvocate.com/beer/profile/139/52248/?sort=topr","Pumpkin Ale","{'Minnesota': 1, 'Illinois': 4, 'Indiana': 2, 'Maryland': 3, 'Idaho': 1, 'Wisconsin': 1, 'Iowa': 1, 'Michigan': 4, 'Virginia': 6, 'Connecticut': 2, 'New York': 5, 'California': 10, 'Massachusetts': 5, 'South Carolina': 1, 'China': 1, 'Georgia': 2, 'Pennsylvania': 6, 'Florida': 3, 'Kentucky': 1, 'Rhode Island': 1, 'Ohio': 4, 'Alabama': 1, 'Colorado': 5, 'New Jersey': 5, 'North Carolina': 3, 'Tennessee': 3, 'Texas': 1, 'Maine': 2}","100","343","171","167","315","259","111","794"
"Buffalo Bill's Pumpkin Ale","Buffalo Bill's Brewery","68","http://beeradvocate.com/beer/profile/205/643/?sort=topr","Pumpkin Ale","{'Mississippi': 1, 'Delaware': 1, 'Illinois': 5, 'Ohio': 3, 'Indiana': 4, 'Maryland': 1, 'Louisiana': 2, 'Texas': 4, 'Arizona': 2, 'Iowa': 2, 'Michigan': 2, 'Kansas': 1, 'Virginia': 2, 'Oregon': 3, 'Connecticut': 2, 'Montana': 1, 'California': 10, 'Massachusetts': 6, 'South Carolina': 2, 'Pennsylvania': 7, 'Florida': 4, 'Alaska': 1, 'Rhode Island': 1, 'Nebraska': 2, 'Missouri': 3, 'Wisconsin': 4, 'Colorado': 2, 'New Jersey': 3, 'Washington': 3, 'North Carolina': 2, 'New York': 5}","100","338","83","140","148","303","45","608"
"Pumple Drumkin Spiced Ale","Cisco Brewers Inc.","82","http://beeradvocate.com/beer/profile/261/44964/?sort=topr","Pumpkin Ale","{'Illinois': 5, 'Louisiana': 1, 'Texas': 1, 'Arizona': 2, 'Virginia': 4, 'Connecticut': 13, 'District of Columbia': 1, 'New Hampshire': 2, 'Massachusetts': 22, 'South Carolina': 3, 'California': 1, 'Vermont': 1, 'Georgia': 4, 'Pennsylvania': 10, 'Florida': 6, 'Rhode Island': 2, 'Missouri': 1, 'Ohio': 1, 'Alabama': 1, 'New Jersey': 3, 'North Carolina': 4, 'New York': 5, 'Maine': 5}","100","312","199","114","253","224","161","743"
"Hipp-O-Lantern","River Horse Brewing Co.","85","http://beeradvocate.com/beer/profile/877/60166/?sort=topr","Pumpkin Ale","{'Vermont': 1, 'Wisconsin': 1, 'Pennsylvania': 23, 'Washington': 1, 'Michigan': 1, 'Florida': 1, 'Virginia': 2, 'Illinois': 2, 'New Jersey': 33, 'Connecticut': 10, 'New York': 13, 'California': 2, 'Massachusetts': 1, 'District of Columbia': 2, 'Missouri': 1, 'South Carolina': 1, 'Ohio': 1, 'Maine': 1, 'Oklahoma': 1}","100","237","249","115","320","196","106","755"
"Shock Top Pumpkin Wheat","Anheuser-Busch","72","http://beeradvocate.com/beer/profile/29/72412/?sort=topr","Pumpkin Ale","{'Minnesota': 3, 'Illinois': 6, 'New Mexico': 1, 'Indiana': 1, 'Texas': 8, 'Arizona': 1, 'Wisconsin': 2, 'Michigan': 4, 'Kansas': 1, 'Virginia': 2, 'Connecticut': 1, 'New York': 7, 'California': 8, 'Idaho': 1, 'South Carolina': 3, 'Massachusetts': 5, 'Pennsylvania': 14, 'Florida': 2, 'Kentucky': 3, 'Rhode Island': 1, 'Missouri': 2, 'Ohio': 5, 'Alabama': 2, 'Colorado': 2, 'New Jersey': 2, 'Washington': 2, 'North Carolina': 2, 'Tennessee': 2, 'Montana': 1}","100","368","105","147","162","220","55","685"
"The Fear","Flying Dog Brewery","84","http://beeradvocate.com/beer/profile/68/73433/?sort=topr","Pumpkin Ale","{'Colorado': 1, 'New Jersey': 6, 'Michigan': 1, 'Delaware': 2, 'Florida': 1, 'Virginia': 8, 'North Carolina': 1, 'Oregon': 1, 'Pennsylvania': 17, 'Connecticut': 2, 'Montana': 1, 'Massachusetts': 1, 'District of Columbia': 3, 'Ohio': 4, 'Maryland': 12, 'New York': 5}","67","128","288","35","220","142","145","568"
"Fermentation Without Representation","Epic Brewing Co.","87","http://beeradvocate.com/beer/profile/22893/74942/?sort=topr","Pumpkin Ale","{'Tennessee': 2, 'Arizona': 1, 'Colorado': 4, 'Oregon': 1, 'Pennsylvania': 8, 'Virginia': 13, 'Michigan': 3, 'Utah': 2, 'Minnesota': 5, 'North Carolina': 8, 'Illinois': 2, 'New Jersey': 9, 'Connecticut': 1, 'New York': 4, 'California': 7, 'Idaho': 3, 'District of Columbia': 7, 'Ohio': 9, 'Alabama': 1, 'Maryland': 2, 'Spain': 1}","95","227","405","57","477","209","100","703"
"Pumking","Southern Tier Brewing Company","92","http://beeradvocate.com/beer/profile/3818/38394/?sort=topr","Pumpkin Ale","{'Mississippi': 2, 'Illinois': 2, 'Indiana': 2, 'Maryland': 5, 'Texas': 2, 'Tennessee': 1, 'Iowa': 1, 'Wisconsin': 1, 'Michigan': 5, 'Kansas': 1, 'Virginia': 2, 'Connecticut': 1, 'District of Columbia': 3, 'California': 3, 'Massachusetts': 6, 'West Virginia': 1, 'South Carolina': 2, 'Georgia': 3, 'Pennsylvania': 5, 'Florida': 2, 'Kentucky': 2, 'Rhode Island': 2, 'Missouri': 2, 'Switzerland': 1, 'Ohio': 4, 'Alabama': 1, 'Colorado': 2, 'New Jersey': 3, 'Washington': 7, 'North Carolina': 1, 'New York': 7, 'Japan': 1, 'Maine': 1}","100","266","206","119","309","164","81","713"
"Great Pumpkin Ale","Cambridge Brewing Company","90","http://beeradvocate.com/beer/profile/14/6523/?sort=topr","Pumpkin Ale","{'Illinois': 3, 'Maryland': 1, 'Louisiana': 1, 'Texas': 1, 'Wisconsin': 1, 'Virginia': 3, 'Oregon': 1, 'Connecticut': 5, 'District of Columbia': 1, 'California': 4, 'Massachusetts': 52, 'New Hampshire': 4, 'Vermont': 1, 'Pennsylvania': 4, 'Rhode Island': 1, 'Missouri': 1, 'Ohio': 1, 'Colorado': 2, 'Idaho': 2, 'New Jersey': 1, 'North Carolina': 1, 'New York': 5, 'Maine': 2}","100","459","150","137","297","246","141","813"
"Frog's Hollow Double Pumpkin Ale","Hoppin' Frog Brewery","87","http://beeradvocate.com/beer/profile/14879/52211/?sort=topr","Pumpkin Ale","{'Oklahoma': 1, 'Minnesota': 1, 'Illinois': 13, 'Georgia': 3, 'Indiana': 6, 'Maryland': 2, 'Texas': 3, 'Wisconsin': 1, 'Michigan': 2, 'Virginia': 2, 'New York': 8, 'California': 2, 'Massachusetts': 7, 'West Virginia': 1, 'Netherlands': 1, 'Pennsylvania': 9, 'Florida': 6, 'Kentucky': 2, 'Missouri': 1, 'Ohio': 7, 'Alabama': 1, 'Colorado': 2, 'New Jersey': 10, 'North Carolina': 4, 'Tennessee': 2}","100","263","156","179","351","239","70","843"
"Saranac Pumpkin Ale","Matt Brewing Company","79","http://beeradvocate.com/beer/profile/99/25608/?sort=topr","Pumpkin Ale","{'Oklahoma': 1, 'Indiana': 1, 'Maryland': 7, 'Australia': 3, 'Iowa': 2, 'Kansas': 1, 'Virginia': 4, 'Connecticut': 4, 'Montana': 1, 'New Hampshire': 1, 'Massachusetts': 8, 'West Virginia': 3, 'Pennsylvania': 16, 'Rhode Island': 2, 'District of Columbia': 1, 'Ohio': 5, 'Alabama': 1, 'New York': 14, 'Colorado': 4, 'New Jersey': 7, 'Washington': 1, 'North Carolina': 4, 'Tennessee': 1, 'Maine': 2}","100","335","204","78","278","235","64","772"
"Country Pumpkin","Ithaca Beer Company","84","http://beeradvocate.com/beer/profile/651/85276/?sort=topr","Pumpkin Ale","{'Wisconsin': 1, 'Pennsylvania': 8, 'Michigan': 1, 'Virginia': 1, 'North Carolina': 1, 'New Jersey': 5, 'Connecticut': 2, 'New York': 14, 'Montana': 1, 'District of Columbia': 1, 'Missouri': 1, 'Ohio': 2, 'Massachusetts': 5}","44","183","83","68","172","97","82","419"
"Autumnation","Sixpoint","83","http://beeradvocate.com/beer/profile/10607/73289/?sort=topr","Pumpkin Ale","{'Delaware': 2, 'Illinois': 7, 'Indiana': 3, 'Maryland': 3, 'Louisiana': 1, 'Texas': 5, 'Arizona': 1, 'Wisconsin': 2, 'Michigan': 1, 'Virginia': 6, 'Connecticut': 5, 'District of Columbia': 1, 'New Hampshire': 2, 'Massachusetts': 9, 'West Virginia': 1, 'South Carolina': 1, 'California': 2, 'Pennsylvania': 13, 'Florida': 2, 'Kentucky': 1, 'Rhode Island': 1, 'Ohio': 6, 'New Jersey': 10, 'Washington': 2, 'North Carolina': 1, 'New York': 7, 'Maine': 2}","100","393","165","430","260","253","628","568"
"UFO Pumpkin","Harpoon Brewery","82","http://beeradvocate.com/beer/profile/10097/71325/?sort=topr","Pumpkin Ale","{'Minnesota': 1, 'Illinois': 4, 'Indiana': 3, 'Maryland': 3, 'Texas': 5, 'Virginia': 1, 'Connecticut': 6, 'New York': 13, 'New Hampshire': 2, 'Massachusetts': 13, 'West Virginia': 1, 'South Carolina': 2, 'Georgia': 2, 'Pennsylvania': 12, 'Puerto Rico': 1, 'Florida': 3, 'Kentucky': 1, 'Rhode Island': 3, 'Ohio': 1, 'Colorado': 2, 'New Jersey': 5, 'Washington': 1, 'North Carolina': 2, 'Tennessee': 1, 'Maine': 5}","100","364","149","163","209","255","101","779"
"Imperial Pumpkin (Brewmaster Series)","Long Trail Brewing Co.","83","http://beeradvocate.com/beer/profile/94/83868/?sort=topr","Pumpkin Ale","{'Vermont': 1, 'Pennsylvania': 9, 'Virginia': 2, 'North Carolina': 1, 'Rhode Island': 2, 'New Jersey': 6, 'Connecticut': 5, 'New York': 6, 'New Hampshire': 1, 'Massachusetts': 4, 'Maryland': 1, 'Illinois': 2}","41","106","110","56","122","84","56","370"
"La Parcela","Jolly Pumpkin Artisan Ales","87","http://beeradvocate.com/beer/profile/9897/45723/?sort=topr","Pumpkin Ale","{'Minnesota': 4, 'Illinois': 9, 'Ireland': 1, 'Indiana': 2, 'Maryland': 3, 'Texas': 2, 'Arizona': 1, 'Wisconsin': 2, 'Michigan': 2, 'Virginia': 1, 'Connecticut': 2, 'California': 16, 'Massachusetts': 2, 'New Hampshire': 1, 'Spain': 1, 'Georgia': 1, 'Pennsylvania': 9, 'Poland': 1, 'Florida': 2, 'Hawaii': 1, 'Kentucky': 3, 'Rhode Island': 1, 'Missouri': 4, 'Ohio': 4, 'Alabama': 1, 'Colorado': 5, 'New Jersey': 3, 'North Carolina': 4, 'New York': 3, 'Nevada': 1, 'Maine': 3}","100","448","183","518","118","268","64","577"
"Oak Jacked Imperial Pumpkin Ale","Uinta Brewing Company","90","http://beeradvocate.com/beer/profile/1416/72838/?sort=topr","Pumpkin Ale","{'Illinois': 13, 'Indiana': 1, 'Maryland': 2, 'Texas': 1, 'Australia': 2, 'Iowa': 1, 'Utah': 1, 'Virginia': 4, 'Oregon': 2, 'Connecticut': 2, 'Tennessee': 2, 'California': 15, 'Massachusetts': 5, 'West Virginia': 1, 'Georgia': 3, 'Pennsylvania': 7, 'Florida': 1, 'Kentucky': 1, 'Arizona': 1, 'Missouri': 1, 'Alabama': 1, 'Colorado': 7, 'Idaho': 1, 'New Jersey': 9, 'Washington': 2, 'North Carolina': 5, 'New York': 5, 'District of Columbia': 2, 'Nevada': 1}","100","225","526","97","475","216","57","742"
"Painted Ladies Pumpkin Spice Ale","Tyranena Brewing Company","86","http://beeradvocate.com/beer/profile/784/52900/?sort=topr","Pumpkin Ale","{'Arizona': 1, 'Wisconsin': 23, 'New Jersey': 3, 'Virginia': 2, 'Washington': 1, 'Minnesota': 11, 'Oregon': 1, 'Illinois': 19, 'Pennsylvania': 1, 'Connecticut': 1, 'District of Columbia': 2, 'California': 2, 'Missouri': 1, 'South Carolina': 1, 'Indiana': 9, 'Ohio': 1, 'Texas': 1}","81","203","182","119","270","182","52","677"
"Wolaver's (Organic) Pumpkin Ale","Otter Creek Brewing / Wolaver's","78","http://beeradvocate.com/beer/profile/119/44209/?sort=topr","Pumpkin Ale","{'Vermont': 3, 'Wisconsin': 1, 'Colorado': 1, 'New Jersey': 11, 'Washington': 2, 'Delaware': 1, 'Florida': 2, 'Virginia': 4, 'North Carolina': 3, 'Rhode Island': 2, 'Pennsylvania': 21, 'Connecticut': 4, 'New York': 15, 'New Hampshire': 6, 'Massachusetts': 14, 'District of Columbia': 2, 'West Virginia': 1, 'California': 2, 'Maryland': 1, 'Maine': 1, 'Texas': 1}","100","361","138","122","261","210","124","749"
"Punk'n Harvest Pumpkin Ale","Uinta Brewing Company","76","http://beeradvocate.com/beer/profile/1416/33405/?sort=topr","Pumpkin Ale","{'Minnesota': 1, 'Illinois': 3, 'New Mexico': 1, 'Maryland': 4, 'Idaho': 3, 'Arizona': 1, 'Wisconsin': 1, 'Oregon': 5, 'Connecticut': 3, 'District of Columbia': 3, 'California': 9, 'Massachusetts': 10, 'South Carolina': 2, 'Vermont': 1, 'Pennsylvania': 14, 'Florida': 1, 'Missouri': 1, 'Colorado': 9, 'New Jersey': 6, 'Washington': 4, 'North Carolina': 5, 'New York': 5, 'Montana': 1}","100","385","209","116","266","219","99","714"
"Punkin Ale","Dogfish Head Brewery","89","http://beeradvocate.com/beer/profile/10099/6260/?sort=topr","Pumpkin Ale","{'Missouri': 1, 'Minnesota': 3, 'Illinois': 1, 'Maryland': 2, 'Louisiana': 1, 'Texas': 5, 'Arizona': 2, 'Wisconsin': 1, 'Michigan': 4, 'Virginia': 2, 'Connecticut': 3, 'Montana': 2, 'California': 5, 'Massachusetts': 8, 'West Virginia': 2, 'South Carolina': 3, 'Spain': 1, 'Georgia': 5, 'Pennsylvania': 4, 'Florida': 4, 'Kentucky': 1, 'District of Columbia': 1, 'Ohio': 5, 'Alabama': 1, 'New York': 5, 'Colorado': 5, 'Mexico': 1, 'New Jersey': 3, 'Washington': 1, 'Tennessee': 1, 'Nevada': 1, 'Maine': 2}","100","314","276","110","446","245","102","844"
"Fisherman's Pumpkin Stout","Cape Ann Brewing Company","85","http://beeradvocate.com/beer/profile/8325/33205/?sort=topr","Pumpkin Ale","{'Minnesota': 3, 'Illinois': 6, 'Maryland': 5, 'Texas': 1, 'Arizona': 2, 'Wisconsin': 3, 'Michigan': 1, 'Virginia': 4, 'Connecticut': 4, 'District of Columbia': 2, 'New Hampshire': 3, 'Massachusetts': 19, 'West Virginia': 1, 'South Carolina': 1, 'California': 2, 'Georgia': 1, 'Pennsylvania': 3, 'Poland': 1, 'Rhode Island': 6, 'Missouri': 1, 'Ohio': 1, 'New Jersey': 4, 'New York': 24}","100","258","498","47","408","216","82","637"
"The Bruery / Elysian / Stone La Citrueille Celeste De Citracado","Stone Brewing Co.","82","http://beeradvocate.com/beer/profile/147/74272/?sort=topr","Pumpkin Ale","{'Minnesota': 1, 'Illinois': 5, 'New Mexico': 1, 'Indiana': 1, 'Maryland': 2, 'Idaho': 1, 'Australia': 1, 'Virginia': 5, 'Oregon': 2, 'Connecticut': 2, 'New York': 5, 'California': 13, 'Massachusetts': 7, 'New Hampshire': 2, 'Georgia': 2, 'Pennsylvania': 12, 'Florida': 3, 'Kentucky': 1, 'Arizona': 3, 'Ohio': 5, 'Colorado': 3, 'New Jersey': 3, 'Washington': 6, 'North Carolina': 3, 'Tennessee': 1, 'Texas': 2, 'Nevada': 1}","100","310","409","207","364","219","153","435"
"Rumpkin","Avery Brewing Company","90","http://beeradvocate.com/beer/profile/30/62449/?sort=topr","Pumpkin Ale","{'Delaware': 1, 'Minnesota': 1, 'Illinois': 10, 'Ireland': 1, 'Indiana': 1, 'Maryland': 1, 'Texas': 10, 'Wisconsin': 1, 'Virginia': 8, 'Connecticut': 1, 'District of Columbia': 2, 'California': 12, 'Massachusetts': 11, 'Netherlands': 1, 'Pennsylvania': 7, 'Florida': 1, 'Rhode Island': 1, 'Missouri': 3, 'Ohio': 3, 'Colorado': 7, 'New Jersey': 2, 'Washington': 3, 'New York': 7, 'Montana': 1}","100","192","410","133","538","246","23","640"
"Fisherman's Imperial Pumpkin Stout","Cape Ann Brewing Company","89","http://beeradvocate.com/beer/profile/8325/62244/?sort=topr","Pumpkin Ale","{'Brazil': 1, 'Georgia': 1, 'California': 1, 'Pennsylvania': 5, 'Delaware': 1, 'Florida': 1, 'Virginia': 4, 'Oregon': 1, 'Illinois': 4, 'New Jersey': 2, 'Connecticut': 3, 'New York': 3, 'New Hampshire': 3, 'Massachusetts': 23, 'Missouri': 1, 'Ohio': 1, 'Maryland': 7, 'Rhode Island': 2, 'Maine': 2, 'Texas': 3}","71","125","452","40","415","159","89","520"
"Shipyard Pumpkinhead Ale","Shipyard Brewing Co.","68","http://beeradvocate.com/beer/profile/139/1932/?sort=topr","Pumpkin Ale","{'Minnesota': 3, 'Illinois': 4, 'Indiana': 1, 'Maryland': 4, 'Louisiana': 1, 'Idaho': 1, 'Arizona': 1, 'Wisconsin': 1, 'Michigan': 1, 'Virginia': 3, 'Connecticut': 4, 'New York': 7, 'California': 5, 'Massachusetts': 9, 'Puerto Rico': 1, 'South Carolina': 1, 'New Hampshire': 1, 'Georgia': 1, 'Pennsylvania': 9, 'Florida': 3, 'Rhode Island': 1, 'Missouri': 3, 'Ohio': 2, 'Alabama': 3, 'Colorado': 1, 'New Jersey': 4, 'Washington': 4, 'North Carolina': 3, 'Tennessee': 1, 'Texas': 1, 'Maine': 4}","100","555","103","122","190","239","45","680"
"Samuel Adams Harvest Pumpkin Ale","Boston Beer Company (Samuel Adams)","80","http://beeradvocate.com/beer/profile/35/45844/?sort=topr","Pumpkin Ale","{'Oklahoma': 2, 'Minnesota': 3, 'Illinois': 5, 'New Mexico': 1, 'Indiana': 1, 'Maryland': 1, 'Louisiana': 2, 'Texas': 3, 'Wisconsin': 3, 'Michigan': 4, 'Kansas': 2, 'Virginia': 2, 'Oregon': 1, 'Connecticut': 2, 'Montana': 1, 'California': 2, 'Massachusetts': 8, 'West Virginia': 1, 'South Carolina': 3, 'Georgia': 4, 'Pennsylvania': 7, 'Florida': 2, 'Alaska': 2, 'Kentucky': 2, 'Nebraska': 2, 'Missouri': 2, 'Ohio': 4, 'New Jersey': 4, 'Washington': 1, 'North Carolina': 2, 'New York': 9, 'Nevada': 1, 'Maine': 1}","100","287","260","91","366","224","43","830"
"Blue Moon Harvest Moon Pumpkin Ale","Coors Brewing Company","71","http://beeradvocate.com/beer/profile/306/100/?sort=topr","Pumpkin Ale","{'Iowa': 1, 'Minnesota': 4, 'Illinois': 4, 'Arkansas': 1, 'Indiana': 2, 'Louisiana': 2, 'Texas': 4, 'Arizona': 3, 'Wisconsin': 1, 'Michigan': 2, 'Kansas': 1, 'Virginia': 5, 'Connecticut': 1, 'Montana': 2, 'California': 6, 'Massachusetts': 5, 'South Carolina': 4, 'Georgia': 2, 'Pennsylvania': 7, 'Florida': 2, 'Rhode Island': 1, 'Missouri': 2, 'Ohio': 3, 'Alabama': 1, 'South Dakota': 1, 'Colorado': 2, 'New Jersey': 3, 'Washington': 2, 'North Carolina': 3, 'New York': 8, 'Maine': 2}","100","273","121","97","228","221","53","603"
"Kennebunkport Pumpkin Ale","Federal Jack's Restaurant &amp; Brew Pub","68","http://beeradvocate.com/beer/profile/663/38620/?sort=topr","Pumpkin Ale","{'Minnesota': 2, 'Illinois': 7, 'Indiana': 1, 'Maryland': 2, 'Louisiana': 1, 'Texas': 1, 'Arizona': 2, 'Wisconsin': 4, 'Virginia': 7, 'Oregon': 1, 'Connecticut': 1, 'New York': 5, 'California': 21, 'Massachusetts': 5, 'South Carolina': 1, 'China': 1, 'Georgia': 1, 'Pennsylvania': 2, 'Kentucky': 1, 'Missouri': 1, 'Ohio': 4, 'France': 1, 'Colorado': 1, 'New Jersey': 1, 'Washington': 2, 'North Carolina': 1, 'Tennessee': 1, 'District of Columbia': 1, 'Nevada': 1}","80","383","78","101","153","214","40","474"
"Imperial Pumpkin Ale","Weyerbacher Brewing Co.","88","http://beeradvocate.com/beer/profile/392/25880/?sort=topr","Pumpkin Ale","{'Delaware': 1, 'Minnesota': 2, 'Illinois': 5, 'Indiana': 4, 'Maryland': 7, 'Idaho': 1, 'Wisconsin': 1, 'Michigan': 1, 'Utah': 1, 'Virginia': 1, 'Connecticut': 4, 'Montana': 1, 'California': 1, 'Massachusetts': 7, 'West Virginia': 1, 'South Carolina': 3, 'Spain': 2, 'Georgia': 4, 'Pennsylvania': 13, 'Florida': 2, 'Kentucky': 1, 'Missouri': 2, 'Ohio': 6, 'Alabama': 1, 'New York': 9, 'New Jersey': 5, 'Washington': 2, 'North Carolina': 2, 'Tennessee': 2, 'Maine': 2}","100","206","268","93","304","236","69","973"
"Samuel Adams Fat Jack Double Pumpkin Ale","Boston Beer Company (Samuel Adams)","82","http://beeradvocate.com/beer/profile/35/73731/?sort=topr","Pumpkin Ale","{'Minnesota': 6, 'Illinois': 4, 'Ohio': 5, 'Maryland': 1, 'Louisiana': 3, 'Idaho': 1, 'Arizona': 2, 'Iowa': 1, 'Michigan': 2, 'Kansas': 1, 'Virginia': 3, 'Connecticut': 5, 'Tennessee': 1, 'California': 4, 'Massachusetts': 8, 'South Carolina': 1, 'New Hampshire': 5, 'Georgia': 2, 'Pennsylvania': 7, 'Florida': 6, 'Kentucky': 1, 'Rhode Island': 1, 'Missouri': 1, 'Wisconsin': 1, 'Colorado': 2, 'New Jersey': 6, 'North Carolina': 5, 'New York': 4, 'Texas': 1, 'Nevada': 1, 'Maine': 3}","100","250","383","130","424","224","57","861"
"Night Owl Pumpkin Ale","Elysian Brewing Company","87","http://beeradvocate.com/beer/profile/700/7077/?sort=topr","Pumpkin Ale","{'Minnesota': 1, 'Illinois': 1, 'Indiana': 1, 'Maryland': 3, 'Texas': 1, 'Arizona': 1, 'Michigan': 1, 'Virginia': 2, 'Oregon': 6, 'Connecticut': 2, 'New York': 6, 'California': 7, 'Massachusetts': 1, 'Georgia': 1, 'Pennsylvania': 21, 'Florida': 1, 'Rhode Island': 1, 'District of Columbia': 1, 'Ohio': 1, 'Alabama': 1, 'Colorado': 6, 'New Jersey': 7, 'Washington': 17, 'Tennessee': 1, 'Montana': 1}","100","302","197","158","269","216","66","849"
"Dark O' The Moon","Elysian Brewing Company","88","http://beeradvocate.com/beer/profile/700/39497/?sort=topr","Pumpkin Ale","{'Delaware': 1, 'Illinois': 3, 'Maryland': 1, 'Texas': 1, 'Arizona': 1, 'Michigan': 1, 'Oregon': 6, 'Connecticut': 3, 'California': 4, 'Massachusetts': 1, 'South Carolina': 1, 'Georgia': 2, 'Pennsylvania': 14, 'Alaska': 1, 'Rhode Island': 1, 'Missouri': 1, 'Ohio': 2, 'Colorado': 4, 'Idaho': 1, 'New Jersey': 7, 'Washington': 25, 'North Carolina': 2, 'New York': 8}","93","176","592","45","495","180","120","679"
"St-Ambroise Citrouille (Pumpkin Ale)","McAuslan Brewing","84","http://beeradvocate.com/beer/profile/194/38448/?sort=topr","Pumpkin Ale","{'Australia': 7, 'Iowa': 3, 'Pennsylvania': 3, 'Kentucky': 1, 'Georgia': 1, 'Washington': 2, 'Virginia': 1, 'North Carolina': 2, 'Illinois': 5, 'New Jersey': 5, 'Connecticut': 2, 'New York': 4, 'New Hampshire': 1, 'Massachusetts': 1, 'District of Columbia': 1, 'Missouri': 1, 'Ohio': 10, 'Texas': 1}","100","356","255","148","314","284","97","884"
"Rogue Farms Pumpkin Patch Ale","Rogue Ales","87","http://beeradvocate.com/beer/profile/132/74309/?sort=topr","Pumpkin Ale","{'Oklahoma': 3, 'Wyoming': 1, 'Minnesota': 2, 'Indiana': 2, 'Maryland': 2, 'Texas': 7, 'Arizona': 2, 'Wisconsin': 1, 'Michigan': 2, 'Virginia': 2, 'Oregon': 1, 'New York': 4, 'California': 14, 'Massachusetts': 1, 'Georgia': 4, 'Pennsylvania': 7, 'Florida': 4, 'Hawaii': 1, 'Kentucky': 1, 'Missouri': 2, 'Ohio': 3, 'Alabama': 1, 'Colorado': 3, 'Idaho': 1, 'New Jersey': 4, 'Washington': 2, 'North Carolina': 2, 'Tennessee': 1, 'Nevada': 1}","100","288","320","134","348","249","110","932"
"Pumpkin Ale","Long Trail Brewing Co.","80","http://beeradvocate.com/beer/profile/94/83888/?sort=topr","Pumpkin Ale","{'Vermont': 1, 'Arizona': 1, 'Pennsylvania': 7, 'Virginia': 1, 'New Jersey': 4, 'Connecticut': 3, 'New York': 4, 'New Hampshire': 3, 'Massachusetts': 4, 'Maine': 1}","29","108","54","45","92","59","42","210"
"Spiced Pumpkin Ale","Thirsty Dog Brewing Company","82","http://beeradvocate.com/beer/profile/12516/13883/?sort=topr","Pumpkin Ale","{'New Jersey': 1, 'Florida': 1, 'Virginia': 1, 'North Carolina': 6, 'Illinois': 2, 'Pennsylvania': 3, 'New York': 5, 'California': 2, 'Oregon': 1, 'Indiana': 1, 'South Carolina': 3, 'Ohio': 17, 'Rhode Island': 1, 'Maine': 2, 'Massachusetts': 1}","48","218","74","65","149","124","41","344"
"Pumpkin Ale","Bethlehem Brew Works","82","http://beeradvocate.com/beer/profile/1636/9319/?sort=topr","Pumpkin Ale","{'Australia': 1, 'Colorado': 1, 'New Jersey': 5, 'Michigan': 1, 'Oregon': 1, 'Pennsylvania': 13, 'New York': 3, 'California': 4, 'South Carolina': 1}","30","137","25","30","68","48","26","251"
"Sea Dog Pumpkin Ale","Sea Dog Brewing Company","65","http://beeradvocate.com/beer/profile/137/20205/?sort=topr","Pumpkin Ale","{'Illinois': 1, 'Indiana': 1, 'Maryland': 3, 'Wisconsin': 1, 'Iowa': 1, 'Michigan': 3, 'Kansas': 1, 'Virginia': 1, 'Connecticut': 6, 'District of Columbia': 1, 'New Hampshire': 3, 'Massachusetts': 5, 'California': 10, 'Vermont': 1, 'Georgia': 1, 'Rhode Island': 4, 'Nebraska': 1, 'Ohio': 6, 'Colorado': 1, 'New Jersey': 2, 'Washington': 1, 'North Carolina': 1, 'New York': 1, 'Nevada': 1, 'Maine': 5}","64","311","43","75","98","149","55","369"
"Wachusett Imperial Pumpkin Ale","Wachusett Brewing Company","83","http://beeradvocate.com/beer/profile/20/72137/?sort=topr","Pumpkin Ale","{'Vermont': 1, 'California': 1, 'Pennsylvania': 1, 'North Carolina': 1, 'Rhode Island': 4, 'Connecticut': 2, 'New Hampshire': 3, 'Massachusetts': 25, 'South Carolina': 1, 'Indiana': 1}","40","97","104","49","171","83","30","324"
"Highballer Pumpkin Ale","Grand River Brewing","86","http://beeradvocate.com/beer/profile/16304/38855/?sort=topr","Pumpkin Ale","{'California': 1, 'Massachusetts': 1}","38","132","62","62","119","83","84","293"
"Harvest Time Pumpkin Ale","Big Boss Brewing","86","http://beeradvocate.com/beer/profile/15189/38934/?sort=topr","Pumpkin Ale","{'Georgia': 1, 'Pennsylvania': 3, 'Florida': 1, 'New Hampshire': 1, 'Washington': 1, 'Virginia': 2, 'North Carolina': 31, 'Connecticut': 1, 'New York': 1, 'California': 1, 'Missouri': 1, 'South Carolina': 4, 'Indiana': 1, 'Maryland': 1, 'Maine': 1, 'Texas': 2}","54","165","97","66","146","106","31","397"
"Great Lakes Pumpkin Ale","Great Lakes Brewery","80","http://beeradvocate.com/beer/profile/9408/38862/?sort=topr","Pumpkin Ale","{'Washington': 1}","60","257","84","79","162","149","101","544"
"Pumpkinhead Ale","Beer Works","87","http://beeradvocate.com/beer/profile/9343/16027/?sort=topr","Pumpkin Ale","{'New Jersey': 1, 'Virginia': 2, 'North Carolina': 1, 'Rhode Island': 1, 'Pennsylvania': 2, 'Connecticut': 1, 'New York': 1, 'California': 2, 'Massachusetts': 8, 'Missouri': 3, 'Ohio': 1, 'Texas': 1}","26","44","33","29","47","34","17","163"
"Devious","Allentown Brew Works","86","http://beeradvocate.com/beer/profile/16096/61168/?sort=topr","Pumpkin Ale","{'Pennsylvania': 28, 'Oregon': 1, 'New Jersey': 7, 'Connecticut': 1, 'Tennessee': 1, 'Massachusetts': 1, 'Missouri': 1, 'Indiana': 2, 'New York': 1}","45","93","117","61","116","102","39","368"
"Pumpkineater","Howe Sound Inn &amp; Brewing Company","86","http://beeradvocate.com/beer/profile/11977/53230/?sort=topr","Pumpkin Ale","{'Washington': 3, 'Minnesota': 1}","44","106","70","53","170","117","36","395"
"Kuhnhenn All Hallows Ale","Kuhnhenn Brewing Company","91","http://beeradvocate.com/beer/profile/2097/13857/?sort=topr","Pumpkin Ale","{'Tennessee': 1, 'Michigan': 12, 'Oregon': 1, 'Illinois': 3, 'Connecticut': 1, 'New York': 2, 'Arkansas': 1, 'Ohio': 3, 'Indiana': 1, 'Maryland': 1}","27","75","50","43","62","51","16","235"
"Wasatch Pumpkin Ale","Utah Brewers Cooperative","82","http://beeradvocate.com/beer/profile/28908/33258/?sort=topr","Pumpkin Ale","{'Mississippi': 1, 'Arizona': 6, 'Iowa': 1, 'Colorado': 2, 'Pennsylvania': 2, 'Wyoming': 1, 'Utah': 3, 'Minnesota': 1, 'Oregon': 1, 'Tennessee': 1, 'Connecticut': 1, 'Nebraska': 2, 'California': 3, 'Massachusetts': 2, 'New York': 1, 'Louisiana': 5, 'Texas': 7, 'New Mexico': 3}","43","161","45","53","92","86","30","352"
"Whole Hog Pumpkin Ale","Stevens Point Brewery","89","http://beeradvocate.com/beer/profile/786/52279/?sort=topr","Pumpkin Ale","{'Tennessee': 2, 'Iowa': 2, 'New Jersey': 2, 'Michigan': 1, 'Missouri': 1, 'Florida': 1, 'Minnesota': 2, 'Illinois': 9, 'Pennsylvania': 8, 'Nebraska': 1, 'Jordan': 1, 'Massachusetts': 1, 'Ohio': 3, 'South Carolina': 2, 'Wisconsin': 7, 'New York': 4}","47","123","113","52","180","104","45","408"
"Stoudt's Blonde Double MaiBock","Stoudts Brewing Co.","85","http://beeradvocate.com/beer/profile/394/9906/?sort=topr","Maibock / Helles Bock","{'Delaware': 2, 'Minnesota': 2, 'Illinois': 2, 'Arkansas': 1, 'Indiana': 2, 'Maryland': 5, 'Texas': 1, 'Wisconsin': 1, 'Michigan': 5, 'Kansas': 1, 'Utah': 1, 'Virginia': 4, 'Connecticut': 6, 'District of Columbia': 1, 'California': 2, 'Massachusetts': 4, 'West Virginia': 2, 'South Carolina': 2, 'Germany': 1, 'Georgia': 1, 'Pennsylvania': 32, 'Florida': 1, 'Rhode Island': 1, 'Ohio': 6, 'Colorado': 1, 'New Jersey': 6, 'Washington': 1, 'North Carolina': 3, 'New York': 3}","100","555","197","221","469","257","236","47"
"John John Dead Guy Ale","Rogue Ales","86","http://beeradvocate.com/beer/profile/132/55317/?sort=topr","Maibock / Helles Bock","{'Oklahoma': 2, 'Minnesota': 2, 'Illinois': 1, 'Georgia': 2, 'Ohio': 5, 'Indiana': 2, 'Maryland': 1, 'Louisiana': 1, 'Texas': 4, 'Tennessee': 1, 'Australia': 1, 'Iowa': 3, 'Michigan': 1, 'Virginia': 3, 'Oregon': 2, 'Montana': 1, 'California': 12, 'Massachusetts': 3, 'West Virginia': 1, 'South Carolina': 3, 'Spain': 1, 'Netherlands': 1, 'Pennsylvania': 12, 'Kentucky': 5, 'Rhode Island': 1, 'Nebraska': 1, 'Wisconsin': 1, 'Alabama': 1, 'Colorado': 1, 'New Jersey': 4, 'Washington': 4, 'North Carolina': 4, 'New York': 3, 'Maine': 2}","100","346","286","187","538","233","196","29"
"Andechser Bergbock Hell","Klosterbrauerei Andechs","89","http://beeradvocate.com/beer/profile/911/6724/?sort=topr","Maibock / Helles Bock","{'Italy': 2, 'Minnesota': 2, 'Illinois': 3, 'Ireland': 1, 'Maryland': 1, 'Texas': 1, 'Australia': 3, 'Wisconsin': 2, 'Michigan': 1, 'Utah': 1, 'Virginia': 2, 'District of Columbia': 1, 'Germany': 2, 'Massachusetts': 2, 'Belgium': 1, 'New Hampshire': 1, 'Netherlands': 2, 'Pennsylvania': 4, 'Rhode Island': 1, 'Sweden': 1, 'Nebraska': 1, 'Switzerland': 1, 'Ohio': 1, 'France': 2, 'Colorado': 2, 'New Jersey': 1, 'Tennessee': 1, 'Japan': 1, 'Maine': 1}","54","370","104","97","274","146","157","24"
"Dominion Big Thaw Bock","Old Dominion Brewing Company","83","http://beeradvocate.com/beer/profile/402/65958/?sort=topr","Maibock / Helles Bock","{'Pennsylvania': 6, 'Michigan': 1, 'Washington': 2, 'Virginia': 6, 'New Jersey': 2, 'Montana': 1, 'California': 2, 'District of Columbia': 1, 'Maryland': 6}","27","133","44","88","107","73","117","8"
"Serie Signature Maibock","Les Trois Mousquetaires","82","http://beeradvocate.com/beer/profile/11056/52044/?sort=topr","Maibock / Helles Bock","{'Australia': 3}","27","192","44","52","135","72","75","9"
"Summit Maibock","Summit Brewing Company","82","http://beeradvocate.com/beer/profile/467/2734/?sort=topr","Maibock / Helles Bock","{'Georgia': 2, 'Iowa': 6, 'Colorado': 2, 'Pennsylvania': 9, 'Virginia': 1, 'Florida': 2, 'Jordan': 1, 'Washington': 1, 'Minnesota': 27, 'Kentucky': 3, 'Illinois': 9, 'New Jersey': 6, 'North Carolina': 1, 'California': 2, 'Massachusetts': 3, 'Missouri': 4, 'Indiana': 1, 'Ohio': 2, 'Texas': 12, 'Wisconsin': 4}","100","574","142","232","407","252","346","49"
"Trader Joe's Hofbrau Bock","Trader Joe's Brewing Company","77","http://beeradvocate.com/beer/profile/10707/21639/?sort=topr","Maibock / Helles Bock","{'Mississippi': 1, 'Minnesota': 7, 'Illinois': 13, 'Ohio': 1, 'Indiana': 4, 'Maryland': 2, 'Texas': 1, 'Wisconsin': 2, 'Michigan': 3, 'Virginia': 7, 'Oregon': 2, 'Connecticut': 1, 'District of Columbia': 1, 'California': 14, 'Massachusetts': 4, 'South Carolina': 3, 'Georgia': 2, 'Pennsylvania': 3, 'Florida': 1, 'Kentucky': 3, 'Missouri': 2, 'Iowa': 3, 'Mexico': 2, 'New Jersey': 2, 'Washington': 3, 'North Carolina': 4, 'New York': 6, 'Nevada': 1}","100","528","164","137","464","238","309","54"
"Hofbräu Maibock (Urbock)","Staatliches Hofbräuhaus (Hofbräu München)","87","http://beeradvocate.com/beer/profile/4686/3397/?sort=topr","Maibock / Helles Bock","{'Czech Republic': 1, 'Oklahoma': 3, 'Missouri': 1, 'Minnesota': 2, 'Illinois': 6, 'Indiana': 2, 'Maryland': 3, 'Louisiana': 2, 'Texas': 3, 'Australia': 3, 'Wisconsin': 1, 'Michigan': 6, 'Virginia': 9, 'Oregon': 1, 'Connecticut': 6, 'New York': 8, 'California': 2, 'Massachusetts': 8, 'New Hampshire': 1, 'Germany': 2, 'Pennsylvania': 6, 'Florida': 1, 'Kentucky': 2, 'Rhode Island': 1, 'District of Columbia': 2, 'Ohio': 5, 'Alabama': 1, 'Colorado': 3, 'New Jersey': 1, 'Washington': 1, 'North Carolina': 1, 'Tennessee': 1, 'Japan': 1, 'Maine': 1}","100","445","271","133","533","239","276","36"
"Hells Bock","Rock Art Brewery","83","http://beeradvocate.com/beer/profile/1805/35150/?sort=topr","Maibock / Helles Bock","{'Vermont': 6, 'Arizona': 1, 'Colorado': 1, 'New Jersey': 9, 'Georgia': 1, 'North Carolina': 1, 'Rhode Island': 1, 'Connecticut': 1, 'New York': 2, 'New Hampshire': 5, 'Massachusetts': 10, 'South Carolina': 1, 'Maryland': 2, 'Maine': 1}","44","187","110","143","210","114","202","17"
"Spaten Maibock / Premium Bock","Spaten-Franziskaner-Bräu","85","http://beeradvocate.com/beer/profile/142/3744/?sort=topr","Maibock / Helles Bock","{'Italy': 1, 'New Hampshire': 1, 'Minnesota': 4, 'Illinois': 3, 'Indiana': 2, 'Idaho': 2, 'Tennessee': 1, 'Arizona': 2, 'Wisconsin': 2, 'Kansas': 1, 'Oregon': 4, 'Connecticut': 6, 'District of Columbia': 1, 'California': 4, 'Texas': 5, 'South Carolina': 3, 'Germany': 1, 'Massachusetts': 2, 'Georgia': 3, 'Pennsylvania': 8, 'Kentucky': 1, 'Rhode Island': 1, 'Nebraska': 1, 'Missouri': 1, 'Ohio': 3, 'Colorado': 1, 'New Jersey': 3, 'Australia': 1, 'Washington': 1, 'North Carolina': 3, 'New York': 6, 'Japan': 1}","79","492","103","141","337","160","218","32"
"Boss Tom's Golden Bock","Boulevard Brewing Co.","81","http://beeradvocate.com/beer/profile/423/56707/?sort=topr","Maibock / Helles Bock","{'Oklahoma': 6, 'Wyoming': 1, 'Minnesota': 10, 'Illinois': 13, 'Arkansas': 1, 'Indiana': 4, 'Maryland': 1, 'Louisiana': 1, 'Texas': 12, 'Iowa': 5, 'Michigan': 1, 'Kansas': 4, 'Virginia': 1, 'Oregon': 1, 'California': 5, 'Idaho': 1, 'Georgia': 1, 'Pennsylvania': 1, 'Kentucky': 1, 'Nebraska': 1, 'Missouri': 13, 'Wisconsin': 1, 'Colorado': 6, 'Washington': 6, 'Tennessee': 1}","100","760","158","113","449","243","288","26"
"Dundee Pale Bock Lager","Genesee Brewing Co. / Dundee Brewing Co.","78","http://beeradvocate.com/beer/profile/302/21861/?sort=topr","Maibock / Helles Bock","{'Minnesota': 2, 'Illinois': 8, 'Arkansas': 1, 'Indiana': 2, 'Maryland': 2, 'Louisiana': 1, 'Texas': 4, 'Wisconsin': 2, 'Michigan': 2, 'Kansas': 2, 'Virginia': 3, 'Connecticut': 1, 'New York': 6, 'New Hampshire': 3, 'Massachusetts': 6, 'South Carolina': 1, 'California': 2, 'Georgia': 7, 'Pennsylvania': 12, 'Florida': 1, 'Kentucky': 1, 'Rhode Island': 1, 'Missouri': 4, 'Ohio': 11, 'Alabama': 1, 'Colorado': 1, 'New Jersey': 3, 'Washington': 2, 'North Carolina': 3, 'Tennessee': 1, 'Maine': 3}","100","539","113","100","445","233","200","35"
"Mardi Gras Bock","Abita Brewing Co.","78","http://beeradvocate.com/beer/profile/3/3001/?sort=topr","Maibock / Helles Bock","{'Mississippi': 1, 'Oklahoma': 1, 'Minnesota': 2, 'Illinois': 2, 'Indiana': 5, 'Maryland': 2, 'Louisiana': 5, 'Texas': 6, 'Arizona': 2, 'Wisconsin': 4, 'Virginia': 1, 'Oregon': 3, 'New York': 4, 'California': 6, 'Massachusetts': 8, 'South Carolina': 1, 'Georgia': 3, 'Pennsylvania': 10, 'Florida': 3, 'Missouri': 6, 'Ohio': 8, 'Alabama': 1, 'Colorado': 5, 'New Jersey': 3, 'North Carolina': 4, 'Tennessee': 2}","100","512","134","138","452","263","180","35"
"Gordon Biersch Maibock","Gordon Biersch Brewery Restaurant","80","http://beeradvocate.com/beer/profile/1551/29981/?sort=topr","Maibock / Helles Bock","{'Oklahoma': 1, 'Minnesota': 1, 'Illinois': 2, 'Maryland': 3, 'Louisiana': 2, 'Texas': 2, 'Arizona': 2, 'Wisconsin': 1, 'Virginia': 4, 'Oregon': 1, 'Tennessee': 1, 'California': 6, 'Massachusetts': 1, 'West Virginia': 1, 'Georgia': 4, 'Pennsylvania': 2, 'Florida': 3, 'Kentucky': 1, 'Rhode Island': 1, 'District of Columbia': 1, 'Ohio': 4, 'New Jersey': 1, 'North Carolina': 4, 'New York': 1, 'Nevada': 1}","53","165","127","124","298","112","118","15"
"Rumspringa Golden Bock","Lancaster Brewing Company","81","http://beeradvocate.com/beer/profile/743/58888/?sort=topr","Maibock / Helles Bock","{'Pennsylvania': 29, 'Utah': 1, 'Minnesota': 1, 'Virginia': 1, 'New Jersey': 3, 'Connecticut': 1, 'New York': 1, 'California': 1, 'Massachusetts': 1, 'Arkansas': 1, 'Ohio': 2, 'Maryland': 3, 'Illinois': 1}","47","242","84","76","315","88","109","20"
"Sierra Nevada Glissade Golden Bock","Sierra Nevada Brewing Co.","83","http://beeradvocate.com/beer/profile/140/55243/?sort=topr","Maibock / Helles Bock","{'Oklahoma': 1, 'Minnesota': 1, 'Illinois': 5, 'Ohio': 7, 'Indiana': 8, 'Maryland': 2, 'Texas': 7, 'Australia': 2, 'Iowa': 2, 'Michigan': 4, 'Virginia': 2, 'Oregon': 1, 'Montana': 1, 'California': 7, 'Massachusetts': 5, 'West Virginia': 1, 'Spain': 1, 'Georgia': 2, 'Pennsylvania': 9, 'Florida': 2, 'Rhode Island': 1, 'Missouri': 3, 'Switzerland': 1, 'Wisconsin': 2, 'Colorado': 2, 'New Jersey': 4, 'Washington': 2, 'North Carolina': 1, 'New York': 4, 'Nevada': 1}","100","626","142","148","415","239","367","30"
"Mahr's Bock-Bier","Mahrs-Bräu","85","http://beeradvocate.com/beer/profile/428/2413/?sort=topr","Maibock / Helles Bock","{'Minnesota': 5, 'Illinois': 2, 'Georgia': 1, 'Maryland': 1, 'Texas': 2, 'Iowa': 1, 'Michigan': 2, 'Kansas': 1, 'Oregon': 1, 'Connecticut': 1, 'District of Columbia': 2, 'California': 2, 'Massachusetts': 2, 'South Carolina': 2, 'New Hampshire': 1, 'Netherlands': 2, 'Pennsylvania': 1, 'Hawaii': 1, 'Kentucky': 1, 'Missouri': 3, 'Colorado': 2, 'New Jersey': 4, 'Washington': 1, 'North Carolina': 1, 'New York': 2, 'Maine': 1}","47","231","77","93","291","98","99","18"
"Holsten Maibock","Hanseatische Getränke-Industrie (HGI) Holsten-Brauerei AG","67","http://beeradvocate.com/beer/profile/628/7359/?sort=topr","Maibock / Helles Bock","{'Pennsylvania': 1, 'Michigan': 3, 'Florida': 1, 'North Carolina': 1, 'Massachusetts': 2, 'Ohio': 1, 'Nevada': 1}","69","326","95","73","273","157","152","7"
"Southampton May Bock","Southampton Publick House","90","http://beeradvocate.com/beer/profile/1628/17674/?sort=topr","Maibock / Helles Bock","{'Oklahoma': 1, 'New Hampshire': 1, 'Minnesota': 2, 'Illinois': 1, 'Arkansas': 1, 'Ohio': 7, 'Indiana': 1, 'Texas': 1, 'Arizona': 1, 'Iowa': 1, 'Virginia': 6, 'Oregon': 3, 'Connecticut': 5, 'New York': 17, 'Germany': 1, 'Massachusetts': 3, 'South Carolina': 1, 'California': 1, 'Pennsylvania': 9, 'Kentucky': 1, 'Rhode Island': 3, 'Wisconsin': 1, 'New Jersey': 8, 'North Carolina': 3, 'Tennessee': 1, 'Maine': 1}","84","389","156","229","470","200","191","46"
"Primátor Maibock","Pivovar Náchod a.s.","82","http://beeradvocate.com/beer/profile/707/13845/?sort=topr","Maibock / Helles Bock","{'Oklahoma': 1, 'Minnesota': 3, 'Illinois': 5, 'Ohio': 7, 'Indiana': 1, 'Texas': 1, 'Arizona': 3, 'Iowa': 2, 'Michigan': 3, 'Utah': 1, 'Virginia': 1, 'Oregon': 4, 'Connecticut': 2, 'New Hampshire': 2, 'Massachusetts': 1, 'California': 19, 'Georgia': 2, 'Pennsylvania': 6, 'Florida': 1, 'Kentucky': 1, 'Australia': 1, 'Wisconsin': 4, 'Idaho': 1, 'North Carolina': 2, 'New York': 1}","78","392","154","139","385","182","244","29"
"Dead Guy Ale","Rogue Ales","89","http://beeradvocate.com/beer/profile/132/355/?sort=topr","Maibock / Helles Bock","{'Brazil': 1, 'Iowa': 1, 'Oklahoma': 2, 'Minnesota': 4, 'Illinois': 3, 'Indiana': 1, 'Maryland': 3, 'Louisiana': 2, 'Texas': 3, 'Arizona': 2, 'Wisconsin': 1, 'Michigan': 6, 'Kansas': 1, 'Virginia': 1, 'Oregon': 2, 'Connecticut': 1, 'New York': 4, 'New Hampshire': 1, 'Massachusetts': 2, 'South Carolina': 4, 'California': 4, 'Georgia': 1, 'Pennsylvania': 10, 'Florida': 2, 'Kentucky': 1, 'Missouri': 1, 'Ohio': 3, 'Alabama': 1, 'Colorado': 1, 'New Jersey': 3, 'Washington': 4, 'North Carolina': 2, 'Tennessee': 3, 'Japan': 1, 'Nevada': 1}","100","311","210","244","493","206","311","43"
"Hop Kitchen","Hoppy Bock Lager","83","http://beeradvocate.com/beer/profile/192/90533/?sort=topr","Maibock / Helles Bock","{'Wyoming': 1, 'Georgia': 1, 'Wisconsin': 1, 'Colorado': 5, 'Pennsylvania': 1, 'Michigan': 1, 'Kansas': 2, 'Washington': 4, 'Minnesota': 1, 'North Carolina': 1, 'Illinois': 1, 'Tennessee': 1, 'California': 7, 'Massachusetts': 1, 'Arkansas': 1, 'Indiana': 1, 'Idaho': 1}","32","200","69","69","103","83","198","26"
"Schell's Maifest","August Schell Brewing Company","83","http://beeradvocate.com/beer/profile/417/2268/?sort=topr","Maibock / Helles Bock","{'Mississippi': 1, 'Oklahoma': 1, 'Minnesota': 36, 'Illinois': 6, 'Ohio': 1, 'Indiana': 1, 'Maryland': 1, 'Texas': 2, 'Iowa': 7, 'Michigan': 7, 'Virginia': 1, 'Connecticut': 2, 'California': 2, 'Massachusetts': 2, 'South Carolina': 2, 'Georgia': 1, 'Pennsylvania': 5, 'Nebraska': 1, 'Missouri': 4, 'Wisconsin': 6, 'Colorado': 1, 'Idaho': 1, 'Washington': 2, 'North Carolina': 2}","96","498","164","199","483","213","229","22"
"Big Easy Imperial Maibock","Lakefront Brewery, Inc.","80","http://beeradvocate.com/beer/profile/741/3352/?sort=topr","Maibock / Helles Bock","{'Delaware': 1, 'Minnesota': 7, 'Illinois': 16, 'Maryland': 1, 'Idaho': 1, 'Arizona': 1, 'Wisconsin': 14, 'Michigan': 4, 'California': 6, 'Massachusetts': 3, 'South Carolina': 2, 'New Hampshire': 1, 'Georgia': 3, 'Pennsylvania': 6, 'Florida': 6, 'Rhode Island': 2, 'Nebraska': 1, 'Missouri': 2, 'Iowa': 2, 'Alabama': 1, 'Colorado': 1, 'New Jersey': 5, 'Washington': 1, 'North Carolina': 2, 'Texas': 1, 'Nevada': 1, 'Maine': 3}","99","481","190","259","478","197","158","36"
"Ramstein Maibock","High Point Brewing Company","88","http://beeradvocate.com/beer/profile/607/9540/?sort=topr","Maibock / Helles Bock","{'Australia': 1, 'New Jersey': 15, 'Wyoming': 1, 'Oregon': 1, 'Pennsylvania': 7, 'New York': 7, 'Massachusetts': 1, 'South Carolina': 1, 'Ohio': 1, 'Maine': 1}","36","155","79","66","220","74","114","11"
"Andygator","Abita Brewing Co.","80","http://beeradvocate.com/beer/profile/3/1565/?sort=topr","Maibock / Helles Bock","{'Mississippi': 2, 'Oklahoma': 3, 'Minnesota': 4, 'Illinois': 4, 'Arkansas': 2, 'Indiana': 2, 'Maryland': 1, 'Louisiana': 2, 'Idaho': 1, 'Wisconsin': 4, 'Michigan': 1, 'Virginia': 3, 'Oregon': 2, 'Connecticut': 3, 'Montana': 1, 'California': 8, 'Texas': 8, 'South Carolina': 3, 'New Hampshire': 3, 'Massachusetts': 1, 'Georgia': 4, 'Pennsylvania': 3, 'Florida': 7, 'Kentucky': 1, 'Tennessee': 1, 'Missouri': 3, 'Ohio': 3, 'Alabama': 5, 'Colorado': 2, 'New Jersey': 1, 'North Carolina': 3, 'New York': 3}","100","569","104","286","405","236","194","34"
"Maibock","Upland Brewing Company","81","http://beeradvocate.com/beer/profile/1170/11724/?sort=topr","Maibock / Helles Bock","{'Georgia': 1, 'Pennsylvania': 1, 'Oregon': 1, 'Virginia': 1, 'North Carolina': 1, 'Illinois': 2, 'District of Columbia': 1, 'Germany': 1, 'Kentucky': 3, 'Ohio': 2, 'South Carolina': 1, 'Indiana': 15, 'Massachusetts': 1}","31","105","48","48","165","73","66","9"
"St. Boisterous","Victory Brewing Company","87","http://beeradvocate.com/beer/profile/345/1011/?sort=topr","Maibock / Helles Bock","{'Vermont': 2, 'Colorado': 1, 'Tennessee': 1, 'Pennsylvania': 31, 'Michigan': 1, 'Delaware': 1, 'Virginia': 5, 'Kentucky': 1, 'Illinois': 6, 'Maine': 1, 'New Jersey': 13, 'New York': 13, 'New Hampshire': 3, 'Massachusetts': 6, 'District of Columbia': 1, 'Indiana': 3, 'Ohio': 6, 'Maryland': 3, 'Poland': 1}","100","555","202","202","443","219","283","37"
"The Gift (WinterBock Lager)","Starr Hill Brewery","82","http://beeradvocate.com/beer/profile/13667/46008/?sort=topr","Maibock / Helles Bock","{'Mississippi': 1, 'Arizona': 1, 'Wisconsin': 1, 'Pennsylvania': 4, 'Washington': 1, 'New Hampshire': 1, 'Florida': 2, 'Virginia': 18, 'North Carolina': 8, 'Tennessee': 3, 'District of Columbia': 6, 'California': 2, 'Massachusetts': 1, 'Ohio': 2, 'Maryland': 10, 'Alabama': 1, 'Texas': 1}","64","298","115","123","316","167","122","42"
"Saphir Bock","Brauerei Hofstetten Krammer GmbH &amp; Co. KG","88","http://beeradvocate.com/beer/profile/7282/65548/?sort=topr","Maibock / Helles Bock","{'Georgia': 2, 'Wisconsin': 1, 'Pennsylvania': 3, 'Michigan': 1, 'Florida': 2, 'Virginia': 3, 'Oregon': 2, 'Illinois': 2, 'New Jersey': 2, 'District of Columbia': 1, 'Missouri': 2, 'South Carolina': 2, 'New York': 1, 'Maryland': 1, 'Rhode Island': 1, 'Maine': 1}","30","172","63","85","130","66","144","15"
"Golden Fleece Maibock","Erie Brewing Co.","82","http://beeradvocate.com/beer/profile/754/17841/?sort=topr","Maibock / Helles Bock","{'Pennsylvania': 23, 'Washington': 1, 'Michigan': 1, 'Florida': 5, 'New Jersey': 3, 'Connecticut': 2, 'New York': 8, 'West Virginia': 2, 'South Carolina': 1, 'Ohio': 3, 'Alabama': 1, 'Oklahoma': 1}","53","213","111","128","331","122","115","10"
"Cabin Fever","New Glarus Brewing Company","80","http://beeradvocate.com/beer/profile/590/55418/?sort=topr","Maibock / Helles Bock","{'Delaware': 1, 'Minnesota': 17, 'Illinois': 16, 'Ohio': 4, 'Maryland': 1, 'Texas': 1, 'Iowa': 4, 'Michigan': 2, 'Virginia': 4, 'Connecticut': 1, 'District of Columbia': 3, 'California': 1, 'West Virginia': 1, 'South Carolina': 1, 'New Hampshire': 2, 'Georgia': 1, 'Pennsylvania': 4, 'Florida': 2, 'Kentucky': 2, 'Missouri': 1, 'Wisconsin': 19, 'Colorado': 2, 'New Jersey': 1, 'Washington': 3, 'North Carolina': 3, 'Tennessee': 1}","100","747","159","131","594","238","177","27"
"Einbock","Stevens Point Brewery","80","http://beeradvocate.com/beer/profile/786/40756/?sort=topr","Maibock / Helles Bock","{'Oklahoma': 2, 'Minnesota': 4, 'Illinois': 14, 'Ohio': 2, 'Indiana': 1, 'Texas': 1, 'Louisiana': 1, 'Idaho': 1, 'Iowa': 4, 'Michigan': 3, 'Kansas': 3, 'Utah': 1, 'California': 1, 'Massachusetts': 1, 'Georgia': 1, 'Pennsylvania': 7, 'Florida': 1, 'Alaska': 1, 'Missouri': 2, 'Wisconsin': 12, 'North Carolina': 1, 'New York': 1}","66","324","101","81","336","136","137","31"
"LTD Series","02","83","http://beeradvocate.com/beer/profile/5316/36188/?sort=topr","Maibock / Helles Bock","{'Mississippi': 1, 'Oklahoma': 3, 'Minnesota': 4, 'Illinois': 1, 'Louisiana': 2, 'Texas': 11, 'Arizona': 2, 'Iowa': 2, 'Michigan': 2, 'Utah': 1, 'Virginia': 2, 'Oregon': 5, 'California': 22, 'Massachusetts': 3, 'South Carolina': 1, 'Georgia': 2, 'Pennsylvania': 7, 'Florida': 1, 'Rhode Island': 1, 'Ohio': 3, 'Colorado': 5, 'Idaho': 2, 'Mexico': 1, 'New Jersey': 2, 'Washington': 4, 'North Carolina': 2, 'New York': 2, 'Nevada': 2}","100","560","160","229","553","221","277","30"
"Einbecker Mai-Ur-Bock","Einbecker Brauhaus AG","85","http://beeradvocate.com/beer/profile/66/202/?sort=topr","Maibock / Helles Bock","{'Missouri': 2, 'Illinois': 7, 'Georgia': 3, 'Maryland': 5, 'Louisiana': 3, 'Arizona': 1, 'Iowa': 1, 'Michigan': 3, 'Virginia': 6, 'Connecticut': 2, 'New York': 11, 'California': 7, 'Massachusetts': 6, 'China': 1, 'Germany': 2, 'Wisconsin': 2, 'Netherlands': 2, 'Pennsylvania': 2, 'Florida': 3, 'Kentucky': 3, 'Rhode Island': 2, 'Sweden': 4, 'Nebraska': 1, 'District of Columbia': 2, 'Ohio': 3, 'Alabama': 1, 'Colorado': 1, 'New Jersey': 2, 'North Carolina': 6, 'Tennessee': 2, 'Maine': 1}","100","477","227","154","639","244","317","34"
"Berkshire Maibock Lager","Berkshire Brewing Company Inc.","88","http://beeradvocate.com/beer/profile/33/923/?sort=topr","Maibock / Helles Bock","{'Vermont': 3, 'Wisconsin': 1, 'Colorado': 1, 'Nebraska': 1, 'Pennsylvania': 5, 'Michigan': 1, 'Utah': 1, 'Kentucky': 1, 'Rhode Island': 7, 'North Carolina': 3, 'Connecticut': 15, 'New York': 6, 'New Hampshire': 4, 'Massachusetts': 40, 'Arkansas': 1, 'Indiana': 1, 'South Carolina': 1, 'New Jersey': 1, 'Maryland': 3, 'Illinois': 1, 'Maine': 2}","100","464","209","246","672","228","219","34"
"Mai Bock","Sprecher Brewing Company","85","http://beeradvocate.com/beer/profile/144/995/?sort=topr","Maibock / Helles Bock","{'Oklahoma': 2, 'Minnesota': 12, 'Illinois': 14, 'Indiana': 1, 'Maryland': 1, 'Louisiana': 1, 'Texas': 3, 'Iowa': 2, 'Wisconsin': 20, 'Michigan': 3, 'Virginia': 1, 'Connecticut': 2, 'Tennessee': 2, 'New Hampshire': 2, 'Massachusetts': 5, 'Georgia': 1, 'Pennsylvania': 6, 'Florida': 1, 'Rhode Island': 1, 'Nebraska': 1, 'Missouri': 2, 'Ohio': 2, 'Alabama': 2, 'Colorado': 1, 'Washington': 1, 'North Carolina': 3, 'New York': 2, 'Nevada': 1, 'Maine': 2}","100","447","201","218","477","215","311","66"
"Mendocino Spring Seasonal Bock","Mendocino Brewing Company","81","http://beeradvocate.com/beer/profile/200/57590/?sort=topr","Maibock / Helles Bock","{'Arizona': 1, 'Colorado': 1, 'New Jersey': 1, 'Oklahoma': 1, 'Wyoming': 1, 'Minnesota': 1, 'Oregon': 1, 'Illinois': 1, 'Pennsylvania': 3, 'New York': 2, 'California': 8, 'North Carolina': 1, 'South Carolina': 2, 'Ohio': 1, 'Maryland': 1, 'Nevada': 1, 'Texas': 1}","29","98","53","37","126","73","75","4"
"PENNdemonium","Pennsylvania Brewing Company","84","http://beeradvocate.com/beer/profile/125/36925/?sort=topr","Maibock / Helles Bock","{'Illinois': 1, 'Indiana': 1, 'Maryland': 2, 'Texas': 3, 'Arizona': 1, 'Wisconsin': 1, 'Virginia': 2, 'Oregon': 1, 'Connecticut': 1, 'Germany': 1, 'Massachusetts': 1, 'West Virginia': 2, 'South Carolina': 1, 'New Hampshire': 1, 'Georgia': 2, 'California': 1, 'Pennsylvania': 24, 'Florida': 6, 'Rhode Island': 1, 'Nebraska': 1, 'Ohio': 6, 'Colorado': 1, 'New Jersey': 2, 'North Carolina': 1, 'New York': 5}","71","390","117","213","373","173","149","39"
"Altenmünster Maibock","Allgäuer Brauhaus AG","84","http://beeradvocate.com/beer/profile/890/9392/?sort=topr","Maibock / Helles Bock","{'Netherlands': 1, 'Iowa': 3, 'Oklahoma': 2, 'Kansas': 1, 'Florida': 2, 'Minnesota': 4, 'North Carolina': 1, 'Illinois': 8, 'Arizona': 1, 'California': 8, 'Missouri': 2, 'Ohio': 4, 'Germany': 1, 'Texas': 1}","40","280","93","99","174","91","122","19"
"Gordon Biersch Blonde Bock","Gordon Biersch Brewery Restaurant","77","http://beeradvocate.com/beer/profile/1551/33651/?sort=topr","Maibock / Helles Bock","{'Delaware': 1, 'Minnesota': 1, 'Illinois': 2, 'Maryland': 4, 'Louisiana': 3, 'Texas': 12, 'Arizona': 5, 'Virginia': 4, 'Oregon': 4, 'California': 17, 'Georgia': 5, 'Pennsylvania': 6, 'Florida': 9, 'Hawaii': 2, 'Missouri': 1, 'Ohio': 2, 'Alabama': 4, 'Colorado': 1, 'Washington': 2, 'North Carolina': 7, 'New York': 1, 'Nevada': 2}","100","506","142","178","452","208","237","17"
"Atwater Maibock","Atwater Block Brewery","77","http://beeradvocate.com/beer/profile/15280/31104/?sort=topr","Maibock / Helles Bock","{'Tennessee': 1, 'Wisconsin': 1, 'Iowa': 1, 'Oregon': 1, 'Pennsylvania': 8, 'Kentucky': 1, 'Michigan': 13, 'Washington': 1, 'Minnesota': 2, 'North Carolina': 2, 'Illinois': 4, 'Connecticut': 1, 'New York': 2, 'Massachusetts': 1, 'Ohio': 1, 'Indiana': 2, 'Maryland': 1, 'Rhode Island': 1}","45","250","83","107","190","107","97","18"
"Narragansett Bock","Narragansett Brewing Co.","87","http://beeradvocate.com/beer/profile/213/66780/?sort=topr","Maibock / Helles Bock","{'Vermont': 1, 'Georgia': 2, 'Arizona': 1, 'California': 1, 'New Jersey': 1, 'Utah': 1, 'Michigan': 1, 'Wyoming': 1, 'Florida': 5, 'North Carolina': 5, 'Rhode Island': 10, 'Pennsylvania': 5, 'Connecticut': 10, 'New York': 11, 'New Hampshire': 2, 'Massachusetts': 33, 'South Carolina': 1, 'Ohio': 1, 'Maryland': 1, 'Louisiana': 1, 'Maine': 6}","100","490","285","161","523","246","284","63"
"Bucking Bock","Rahr &amp; Sons Brewing Company","79","http://beeradvocate.com/beer/profile/9969/28869/?sort=topr","Maibock / Helles Bock","{'Georgia': 1, 'Iowa': 1, 'Colorado': 2, 'California': 3, 'Michigan': 2, 'Washington': 1, 'Virginia': 1, 'Oregon': 2, 'Illinois': 3, 'Connecticut': 1, 'New York': 1, 'New Hampshire': 2, 'Massachusetts': 2, 'Maryland': 1, 'Ohio': 4, 'Alabama': 1, 'Nebraska': 1, 'Louisiana': 1, 'Oklahoma': 3, 'Texas': 30}","64","398","81","102","277","162","151","17"
"Smuttynose Maibock (Big Beer Series)","Smuttynose Brewing Company","89","http://beeradvocate.com/beer/profile/141/188/?sort=topr","Maibock / Helles Bock","{'Illinois': 3, 'Maryland': 5, 'Louisiana': 1, 'Texas': 2, 'Wisconsin': 1, 'Iowa': 2, 'Michigan': 3, 'Virginia': 7, 'Oregon': 2, 'Connecticut': 3, 'District of Columbia': 2, 'New Hampshire': 6, 'Massachusetts': 11, 'South Carolina': 2, 'California': 1, 'Vermont': 1, 'Georgia': 5, 'Pennsylvania': 5, 'Florida': 2, 'Kentucky': 1, 'Rhode Island': 2, 'Arizona': 1, 'Ohio': 5, 'Alabama': 1, 'Colorado': 2, 'New Jersey': 4, 'Washington': 1, 'North Carolina': 4, 'New York': 9, 'Maine': 1}","100","455","260","346","636","280","343","81"
"Sudwerk Mai Bock","Sudwerk Restaurant and Brewery","81","http://beeradvocate.com/beer/profile/219/17146/?sort=topr","Maibock / Helles Bock","{'Arizona': 2, 'Iowa': 1, 'Colorado': 1, 'North Carolina': 1, 'New York': 2, 'California': 19, 'Missouri': 1, 'Texas': 1}","28","141","45","61","125","48","61","4"
"Bad King John","Ridgeway Brewing","84","http://beeradvocate.com/beer/profile/7944/43016/?sort=topr","English Stout","{'Iowa': 2, 'Colorado': 1, 'Mexico': 1, 'New Jersey': 2, 'Florida': 1, 'Poland': 1, 'Kansas': 1, 'Washington': 1, 'Minnesota': 4, 'North Carolina': 3, 'Virginia': 1, 'Pennsylvania': 4, 'Sweden': 1, 'New York': 2, 'California': 2, 'Massachusetts': 5, 'South Carolina': 1, 'Wisconsin': 1, 'Maryland': 1, 'Illinois': 1, 'Texas': 5}","47","119","231","45","207","79","113","16"
"Blackheart Stout","Middle Ages Brewing Co., Ltd.","90","http://beeradvocate.com/beer/profile/103/3657/?sort=topr","English Stout","{'Australia': 1, 'Colorado': 1, 'Pennsylvania': 6, 'Florida': 1, 'Virginia': 1, 'North Carolina': 2, 'Illinois': 2, 'New Jersey': 1, 'New York': 18, 'Indiana': 1, 'Massachusetts': 2, 'District of Columbia': 1, 'South Carolina': 1, 'Ohio': 3, 'Maryland': 1, 'Texas': 1, 'New Mexico': 2}","47","91","278","33","246","82","62","2"
"Marooned On Hog Island","21st Amendment Brewery","87","http://beeradvocate.com/beer/profile/735/87764/?sort=topr","English Stout","{'Oklahoma': 1, 'Minnesota': 7, 'Illinois': 1, 'Maryland': 2, 'Louisiana': 1, 'Idaho': 1, 'Michigan': 1, 'Virginia': 3, 'Oregon': 5, 'Connecticut': 2, 'District of Columbia': 1, 'New Hampshire': 1, 'Massachusetts': 3, 'West Virginia': 1, 'California': 6, 'Georgia': 6, 'Pennsylvania': 14, 'Florida': 2, 'Ohio': 6, 'Alabama': 1, 'New York': 7, 'New Jersey': 2, 'Washington': 4, 'North Carolina': 5, 'Tennessee': 1, 'Montana': 1}","87","230","610","80","554","194","107","18"
"Descendant Dark Ale","Mystic Brewery","84","http://beeradvocate.com/beer/profile/24803/74414/?sort=topr","English Stout","{'New York': 2, 'New Hampshire': 4, 'Massachusetts': 28, 'Texas': 1}","36","135","246","69","239","97","40","36"
"Belhaven Scottish Stout","Belhaven Brewery Company Ltd.","88","http://beeradvocate.com/beer/profile/148/48194/?sort=topr","English Stout","{'Oklahoma': 1, 'Minnesota': 2, 'Illinois': 7, 'Indiana': 2, 'Louisiana': 1, 'Texas': 6, 'Iowa': 2, 'Wisconsin': 3, 'Michigan': 1, 'Kansas': 1, 'Virginia': 1, 'Oregon': 3, 'Connecticut': 1, 'New York': 5, 'New Hampshire': 1, 'Massachusetts': 2, 'California': 8, 'Vermont': 1, 'Georgia': 5, 'Pennsylvania': 2, 'Florida': 1, 'Kentucky': 3, 'Sweden': 1, 'District of Columbia': 2, 'Ohio': 4, 'Alabama': 1, 'Colorado': 1, 'New Jersey': 3, 'Washington': 4, 'Tennessee': 3}","100","280","704","102","631","200","190","11"
"Heart Of Darkness","Magic Hat Brewing Company","88","http://beeradvocate.com/beer/profile/96/297/?sort=topr","English Stout","{'Mississippi': 1, 'Minnesota': 1, 'Illinois': 4, 'Indiana': 2, 'Maryland': 2, 'Louisiana': 2, 'Texas': 2, 'Arizona': 1, 'Michigan': 1, 'Kansas': 1, 'Virginia': 2, 'Connecticut': 1, 'New Hampshire': 1, 'Massachusetts': 7, 'Puerto Rico': 1, 'South Carolina': 2, 'California': 1, 'Georgia': 3, 'Pennsylvania': 10, 'West Virginia': 1, 'Florida': 4, 'Kentucky': 1, 'Rhode Island': 3, 'Missouri': 1, 'Ohio': 7, 'Colorado': 2, 'New Jersey': 10, 'North Carolina': 3, 'New York': 12, 'Maine': 3}","100","225","648","72","676","232","207","10"
"Maple Stout","Cannery Brewing Company","86","http://beeradvocate.com/beer/profile/4049/46295/?sort=topr","English Stout","{'Michigan': 1, 'Netherlands': 1, 'California': 1, 'Colorado': 2}","42","86","232","24","437","95","60","5"
"Pearl Necklace Oyster Stout","Flying Dog Brewery","84","http://beeradvocate.com/beer/profile/68/75364/?sort=topr","English Stout","{'Oklahoma': 5, 'Minnesota': 1, 'Illinois': 8, 'Indiana': 3, 'Maryland': 4, 'Wisconsin': 3, 'Michigan': 5, 'Virginia': 3, 'Connecticut': 1, 'New York': 4, 'California': 9, 'Massachusetts': 4, 'South Carolina': 2, 'New Hampshire': 3, 'Georgia': 2, 'Pennsylvania': 16, 'Florida': 2, 'Kentucky': 3, 'District of Columbia': 3, 'Ohio': 2, 'Alabama': 1, 'New Jersey': 2, 'Washington': 1, 'North Carolina': 3, 'Tennessee': 2, 'Maine': 2}","100","288","570","65","519","228","136","9"
"Chocolate","Meantime Brewing Company Limited","83","http://beeradvocate.com/beer/profile/5062/10711/?sort=topr","English Stout","{'Brazil': 1, 'Netherlands': 3, 'Australia': 6, 'Italy': 3, 'Portugal': 1, 'Mexico': 1, 'Pennsylvania': 4, 'Michigan': 1, 'Finland': 1, 'Oregon': 2, 'Illinois': 2, 'Sweden': 2, 'New York': 1, 'California': 2, 'Japan': 1, 'Maryland': 1, 'Norway': 1, 'Alabama': 1}","50","132","240","32","383","113","81","1"
"Potro","Cervecera Mexicana S.A. De C.V.","73","http://beeradvocate.com/beer/profile/11174/21697/?sort=topr","English Stout","{'Wisconsin': 1, 'Iowa': 1, 'Michigan': 1, 'Mexico': 9, 'New Jersey': 2, 'Georgia': 2, 'New Hampshire': 1, 'Florida': 1, 'Minnesota': 2, 'North Carolina': 3, 'Illinois': 2, 'Connecticut': 2, 'District of Columbia': 1, 'California': 2, 'Ohio': 1, 'Maryland': 1, 'New York': 3, 'Norway': 1, 'Maine': 1, 'Texas': 1}","41","115","129","85","141","80","25","2"
"Boréale Noire","Brasseurs Du Nord Inc.","83","http://beeradvocate.com/beer/profile/599/6798/?sort=topr","English Stout","{'New Jersey': 1, 'Illinois': 1, 'Pennsylvania': 1, 'New York': 3, 'California': 2, 'Massachusetts': 2, 'Ohio': 1, 'Maryland': 1}","30","63","118","26","147","50","41","5"
"Strike Out Stout","Cooperstown Brewing Company","79","http://beeradvocate.com/beer/profile/60/178/?sort=topr","English Stout","{'Delaware': 2, 'Minnesota': 2, 'Illinois': 2, 'Indiana': 2, 'Maryland': 1, 'Arizona': 2, 'Michigan': 2, 'Virginia': 3, 'Connecticut': 4, 'District of Columbia': 1, 'California': 3, 'Massachusetts': 11, 'New Hampshire': 2, 'Pennsylvania': 13, 'Florida': 1, 'Rhode Island': 2, 'Ohio': 5, 'Colorado': 1, 'New Jersey': 4, 'Washington': 1, 'North Carolina': 4, 'New York': 25, 'Maine': 1}","99","236","476","66","580","267","124","6"
"Hopback Entire Stout","Hop Back Brewery plc","84","http://beeradvocate.com/beer/profile/2298/5788/?sort=topr","English Stout","{'Italy': 1, 'Oklahoma': 1, 'New Hampshire': 1, 'Minnesota': 2, 'Illinois': 1, 'Arkansas': 1, 'Indiana': 1, 'Maryland': 1, 'Texas': 1, 'Iowa': 4, 'Michigan': 1, 'Oregon': 6, 'Connecticut': 1, 'California': 3, 'Massachusetts': 5, 'South Carolina': 1, 'Germany': 1, 'Panama': 1, 'Spain': 2, 'Georgia': 3, 'Pennsylvania': 7, 'Florida': 1, 'Rhode Island': 1, 'Nebraska': 1, 'Missouri': 1, 'Ohio': 1, 'Colorado': 2, 'New Jersey': 2, 'North Carolina': 5, 'New York': 7, 'Maine': 1}","77","205","376","66","323","156","150","13"
"Dragonhead Stout","Orkney Brewery","86","http://beeradvocate.com/beer/profile/118/5781/?sort=topr","English Stout","{'Minnesota': 1, 'Illinois': 1, 'Arkansas': 1, 'Indiana': 3, 'Maryland': 10, 'Texas': 2, 'Tennessee': 3, 'Australia': 12, 'Iowa': 1, 'Virginia': 7, 'Connecticut': 1, 'District of Columbia': 1, 'California': 4, 'Massachusetts': 5, 'South Carolina': 1, 'New Hampshire': 2, 'Spain': 1, 'Vermont': 1, 'Georgia': 4, 'Pennsylvania': 3, 'Florida': 6, 'Rhode Island': 1, 'Arizona': 1, 'Missouri': 1, 'Ohio': 8, 'Colorado': 2, 'Mexico': 1, 'New Jersey': 4, 'North Carolina': 1, 'New York': 2, 'Maine': 2}","100","246","540","89","489","217","142","27"
"Stonewall Stout","Blue &amp; Gray Brewing Co.","85","http://beeradvocate.com/beer/profile/2519/21568/?sort=topr","English Stout","{'Pennsylvania': 6, 'Michigan': 1, 'West Virginia': 1, 'Virginia': 11, 'North Carolina': 1, 'Illinois': 1, 'New Jersey': 1, 'Connecticut': 1, 'District of Columbia': 1, 'Ohio': 2, 'South Carolina': 3, 'Indiana': 1, 'Maryland': 1, 'New York': 2, 'Rhode Island': 1}","34","106","174","47","194","72","89","4"
"London Stout","Meantime Brewing Company Limited","83","http://beeradvocate.com/beer/profile/5062/42852/?sort=topr","English Stout","{'Brazil': 2, 'Australia': 3, 'Pennsylvania': 2, 'Finland': 1, 'Sweden': 1, 'Illinois': 1, 'Connecticut': 1, 'Netherlands': 1, 'China': 1, 'Massachusetts': 2, 'Switzerland': 1}","30","128","185","23","199","77","68","2"
"Dorothy Goodbody's Wholesome Stout","Wye Valley Brewery","84","http://beeradvocate.com/beer/profile/1530/4092/?sort=topr","English Stout","{'Oklahoma': 1, 'Minnesota': 2, 'Illinois': 2, 'Georgia': 3, 'Indiana': 2, 'Maryland': 2, 'Texas': 1, 'Wisconsin': 2, 'Iowa': 2, 'Arizona': 1, 'Michigan': 1, 'Kansas': 1, 'Utah': 1, 'Virginia': 2, 'Connecticut': 1, 'New Hampshire': 2, 'Massachusetts': 12, 'South Carolina': 2, 'California': 2, 'Vermont': 1, 'Netherlands': 1, 'Pennsylvania': 7, 'Florida': 1, 'Rhode Island': 3, 'Nebraska': 1, 'Missouri': 5, 'Ohio': 9, 'Colorado': 1, 'Mexico': 1, 'New Jersey': 4, 'Washington': 3, 'North Carolina': 6, 'New York': 2, 'Nevada': 2, 'Maine': 2}","99","254","506","92","444","248","182","5"
"Love Stout","Yards Brewing Co.","86","http://beeradvocate.com/beer/profile/450/3318/?sort=topr","English Stout","{'Minnesota': 2, 'Illinois': 2, 'Arkansas': 1, 'Ohio': 1, 'Indiana': 2, 'Maryland': 2, 'Australia': 1, 'Iowa': 1, 'Michigan': 1, 'Oregon': 2, 'Connecticut': 1, 'Montana': 1, 'Massachusetts': 3, 'West Virginia': 1, 'South Carolina': 1, 'Georgia': 2, 'Pennsylvania': 51, 'Florida': 1, 'Rhode Island': 2, 'Wisconsin': 2, 'New York': 2, 'New Jersey': 8, 'Washington': 1, 'North Carolina': 4, 'District of Columbia': 3}","100","245","549","102","470","215","148","8"
"Martello Stout","Garrison Brewing Company","86","http://beeradvocate.com/beer/profile/1879/25639/?sort=topr","English Stout","{}","38","83","237","27","235","93","58","0"
"Innis &amp; Gunn Irish Whiskey Cask","Innis &amp; Gunn","85","http://beeradvocate.com/beer/profile/10272/77595/?sort=topr","English Stout","{'Vermont': 1, 'Australia': 1, 'Georgia': 4, 'Pennsylvania': 2, 'Michigan': 5, 'Florida': 6, 'Connecticut': 5, 'Oregon': 2, 'Illinois': 6, 'New Jersey': 7, 'Sweden': 3, 'Tennessee': 2, 'California': 3, 'Massachusetts': 6, 'Oklahoma': 1, 'Ohio': 1, 'Alabama': 1, 'New York': 6, 'Maine': 3, 'Rhode Island': 2, 'Wisconsin': 1}","90","274","565","67","629","221","75","7"
"Double Stout","Hook Norton Brewery Co. Ltd.","87","http://beeradvocate.com/beer/profile/3052/7266/?sort=topr","English Stout","{'Wyoming': 1, 'Minnesota': 1, 'Illinois': 6, 'Netherlands': 1, 'Ohio': 3, 'Maryland': 1, 'Norway': 1, 'Texas': 1, 'Arizona': 2, 'Iowa': 1, 'Michigan': 2, 'Utah': 1, 'Virginia': 1, 'Oregon': 2, 'Connecticut': 1, 'California': 6, 'Massachusetts': 8, 'South Carolina': 1, 'New Hampshire': 2, 'Georgia': 2, 'Pennsylvania': 6, 'Finland': 1, 'Florida': 4, 'Hawaii': 1, 'Sweden': 3, 'Nebraska': 1, 'China': 1, 'Missouri': 1, 'Wisconsin': 1, 'Alabama': 2, 'Colorado': 6, 'South Africa': 1, 'New Jersey': 1, 'North Carolina': 4, 'New York': 5, 'Maine': 2}","99","263","626","98","576","218","161","7"
"O'Hanlons Original Port Stout","O'Hanlon's Brewing Co. Ltd.","80","http://beeradvocate.com/beer/profile/1533/9124/?sort=topr","English Stout","{'Australia': 4, 'Pennsylvania': 1, 'Florida': 1, 'Michigan': 1, 'Washington': 1, 'Virginia': 1, 'Oregon': 1, 'Illinois': 1, 'Sweden': 1, 'New York': 1, 'Germany': 1, 'North Carolina': 1, 'Ireland': 1, 'Missouri': 1, 'Russian Federation': 1, 'Ohio': 1, 'Texas': 1, 'Massachusetts': 1}","37","79","186","72","139","81","57","2"
"Monk's Stout Dupont","Brasserie Dupont sprl","77","http://beeradvocate.com/beer/profile/637/70416/?sort=topr","English Stout","{'Oklahoma': 1, 'France': 1, 'Georgia': 1, 'Maryland': 1, 'Australia': 4, 'Kansas': 1, 'Virginia': 2, 'Oregon': 1, 'New York': 1, 'California': 6, 'Massachusetts': 2, 'Belgium': 1, 'Netherlands': 2, 'Pennsylvania': 6, 'Florida': 2, 'Kentucky': 1, 'Switzerland': 1, 'Ohio': 2, 'Illinois': 2, 'New Jersey': 1, 'Washington': 2, 'North Carolina': 1, 'Tennessee': 1, 'Maine': 1}","52","152","279","60","215","154","69","14"
"O'Hanlon's The Original Ruby Stout","O'Hanlon's Brewing Co. Ltd.","82","http://beeradvocate.com/beer/profile/1533/9565/?sort=topr","English Stout","{'Mississippi': 1, 'Oklahoma': 1, 'Minnesota': 3, 'Illinois': 3, 'Ohio': 8, 'Indiana': 2, 'Maryland': 3, 'Louisiana': 2, 'Texas': 1, 'Arizona': 1, 'Wisconsin': 2, 'Michigan': 1, 'Connecticut': 3, 'New York': 4, 'California': 7, 'Massachusetts': 2, 'South Carolina': 1, 'New Hampshire': 2, 'Georgia': 2, 'Pennsylvania': 9, 'Florida': 1, 'Kentucky': 3, 'Australia': 1, 'Iowa': 1, 'Alabama': 1, 'Colorado': 1, 'New Jersey': 7, 'North Carolina': 3, 'Tennessee': 2, 'Nevada': 1}","83","207","403","135","314","183","119","5"
