"Rating","Style","Name","Num Reviews","Locations","Link","Brewery","Light","Dark","Roasted","Sweet","Bitter","Carbonation","Fruit","Spice","Sour","Smokey","Total Count"
"65","Euro Strong Lager","Baltika #9 Extra (Strong)","100","{'Brazil': 1, 'Iowa': 1, 'Serbia': 1, 'Oklahoma': 2, 'Delaware': 1, 'Minnesota': 8, 'Illinois': 1, 'Netherlands': 1, 'Maryland': 5, 'Louisiana': 3, 'Texas': 8, 'Arizona': 1, 'Wisconsin': 2, 'Michigan': 3, 'Virginia': 3, 'Oregon': 1, 'Connecticut': 2, 'New York': 3, 'California': 10, 'Idaho': 1, 'South Carolina': 2, 'New Hampshire': 2, 'Spain': 1, 'Massachusetts': 1, 'Georgia': 3, 'Pennsylvania': 6, 'Kentucky': 2, 'Rhode Island': 1, 'Missouri': 1, 'Ohio': 5, 'Colorado': 1, 'New Jersey': 7, 'Washington': 3, 'North Carolina': 1, 'Tennessee': 1, 'Montana': 1, 'District of Columbia': 1, 'Maine': 2}","http://beeradvocate.com/beer/profile/401/1967/?sort=topr","Baltika Breweries","383","75","15","307","61","208","69","6","18","4","1146"
"66","Euro Strong Lager","Elephant Beer","100","{'Iowa': 1, 'India': 1, 'Delaware': 1, 'Minnesota': 4, 'Illinois': 7, 'Georgia': 3, 'Indiana': 1, 'Maryland': 4, 'Louisiana': 1, 'Texas': 1, 'Australia': 4, 'Wisconsin': 2, 'United Kingdom (Scotland)': 1, 'Michigan': 4, 'Jordan': 1, 'Utah': 1, 'Virginia': 5, 'Connecticut': 3, 'Tennessee': 1, 'California': 5, 'Massachusetts': 4, 'Belgium': 2, 'Germany': 2, 'Netherlands': 1, 'Pennsylvania': 12, 'Quebec (Canada)': 1, 'Florida': 5, 'Rhode Island': 1, 'Sweden': 1, 'Missouri': 2, 'Ohio': 4, 'Alabama': 2, 'New Jersey': 1, 'Washington': 2, 'North Carolina': 1, 'New York': 4, 'Nevada': 1, 'Maine': 3}","http://beeradvocate.com/beer/profile/721/1996/?sort=topr","Carlsberg Danmark A/S","412","88","15","236","128","192","37","10","13","0","1131"
"70","Euro Strong Lager","Lion Imperial Premium Malt Pilsner","100","{'Alberta (Canada)': 1, 'Minnesota': 7, 'Illinois': 6, 'Arkansas': 1, 'Louisiana': 2, 'Texas': 1, 'Iowa': 1, 'Wisconsin': 2, 'Michigan': 10, 'Utah': 1, 'Virginia': 1, 'Connecticut': 1, 'California': 7, 'Massachusetts': 1, 'West Virginia': 1, 'South Carolina': 2, 'Georgia': 3, 'Pennsylvania': 3, 'Florida': 9, 'Kentucky': 1, 'Rhode Island': 2, 'Missouri': 3, 'Ohio': 8, 'Colorado': 8, 'New Jersey': 5, 'Washington': 1, 'North Carolina': 4, 'New York': 7}","http://beeradvocate.com/beer/profile/389/50399/?sort=topr","Ceylon / Lion Brewery Limited","401","118","17","346","109","184","119","22","34","1","1351"
"76","Euro Strong Lager","Warka Strong","100","{'Alberta (Canada)': 2, 'Illinois': 12, 'Indiana': 1, 'Ontario (Canada)': 21, 'Manitoba (Canada)': 2, 'Australia': 5, 'Wisconsin': 1, 'Michigan': 4, 'Connecticut': 4, 'New Hampshire': 1, 'Massachusetts': 8, 'Denmark': 1, 'California': 6, 'Pennsylvania': 5, 'Quebec (Canada)': 2, 'Florida': 3, 'Sweden': 1, 'Arizona': 1, 'Iowa': 1, 'United Kingdom (Northern Ireland)': 1, 'Colorado': 4, 'New Jersey': 5, 'North Carolina': 1, 'Austria': 1, 'New York': 5, 'United Kingdom (England)': 2}","http://beeradvocate.com/beer/profile/2656/24179/?sort=topr","Browary Warka Sp. z o.o.","336","153","15","431","105","205","75","17","14","5","1356"
"70","Euro Strong Lager","Okocim Mocne","87","{'Alberta (Canada)': 3, 'Minnesota': 2, 'Illinois': 1, 'Ireland': 1, 'Indiana': 1, 'United Kingdom (Northern Ireland)': 1, 'Ontario (Canada)': 19, 'Australia': 2, 'Wisconsin': 1, 'Michigan': 2, 'Oregon': 1, 'California': 12, 'Massachusetts': 1, 'Germany': 2, 'Georgia': 1, 'Pennsylvania': 3, 'Quebec (Canada)': 2, 'Florida': 4, 'Rhode Island': 1, 'Arizona': 1, 'Ohio': 4, 'Alabama': 1, 'France': 1, 'New Jersey': 5, 'Washington': 1, 'North Carolina': 1, 'Austria': 1, 'New York': 8, 'United Kingdom (England)': 3, 'British Columbia (Canada)': 1}","http://beeradvocate.com/beer/profile/568/1554/?sort=topr","Browar Okocim S.A. (Carlsberg)","349","105","24","259","104","190","58","15","13","0","1117"
"77","Euro Strong Lager","Hevelius Kaper","84","{'Vermont': 1, 'Arizona': 3, 'Wisconsin': 7, 'New Hampshire': 1, 'Pennsylvania': 10, 'North Carolina': 1, 'Florida': 10, 'Minnesota': 2, 'Oregon': 1, 'Illinois': 11, 'New Jersey': 4, 'Connecticut': 3, 'New York': 13, 'California': 7, 'Massachusetts': 5, 'Indiana': 1, 'Ohio': 2, 'Louisiana': 1, 'Iowa': 1}","http://beeradvocate.com/beer/profile/672/1853/?sort=topr","Elbrewery Co. Ltd. Sp. z o.o.","196","109","16","283","94","145","92","34","17","1","987"
"69","Euro Strong Lager","Lobster Lovers Beer","72","{'Iowa': 1, 'Minnesota': 1, 'Illinois': 3, 'Indiana': 1, 'Maryland': 2, 'Arizona': 4, 'Wisconsin': 2, 'Michigan': 6, 'Virginia': 2, 'Oregon': 2, 'New York': 1, 'New Hampshire': 2, 'Massachusetts': 7, 'South Carolina': 3, 'Georgia': 5, 'Pennsylvania': 7, 'Florida': 1, 'Kentucky': 1, 'Rhode Island': 2, 'Ohio': 7, 'Alabama': 1, 'Colorado': 1, 'New Jersey': 1, 'Washington': 3, 'North Carolina': 2, 'Tennessee': 2, 'Maine': 2}","http://beeradvocate.com/beer/profile/12224/40176/?sort=topr","Rinkuškiai Alaus Darykloje","253","77","8","257","66","131","80","13","27","1","913"
"84","Euro Strong Lager","Christoffel Nobel","83","{'Alberta (Canada)': 1, 'Illinois': 2, 'Georgia': 3, 'Maryland': 1, 'Norway': 1, 'Texas': 1, 'Ontario (Canada)': 37, 'Manitoba (Canada)': 1, 'Australia': 2, 'Wisconsin': 1, 'Virginia': 1, 'Oregon': 1, 'District of Columbia': 1, 'California': 2, 'Massachusetts': 4, 'Germany': 1, 'Spain': 1, 'Netherlands': 3, 'Pennsylvania': 3, 'Quebec (Canada)': 2, 'Florida': 1, 'Nova Scotia (Canada)': 1, 'Rhode Island': 1, 'Sweden': 1, 'South Dakota': 1, 'North Carolina': 1, 'New York': 2, 'United Kingdom (England)': 1, 'Nevada': 2, 'Maine': 1, 'British Columbia (Canada)': 1}","http://beeradvocate.com/beer/profile/553/46952/?sort=topr","Bierbrouwerij Sint Christoffel B.V","293","120","52","203","250","165","142","32","26","3","1286"
"60","Euro Strong Lager","Bavaria 8.6 Original","49","{'Alberta (Canada)': 6, 'Minnesota': 1, 'Illinois': 2, 'United Kingdom (Northern Ireland)': 1, 'Ontario (Canada)': 10, 'Australia': 3, 'Wisconsin': 1, 'Michigan': 2, 'New York': 1, 'California': 2, 'Belgium': 1, 'Spain': 2, 'Netherlands': 1, 'Pennsylvania': 4, 'Finland': 1, 'Nova Scotia (Canada)': 2, 'South Carolina': 1, 'France': 1, 'Portugal': 1, 'South Africa': 1, 'New Jersey': 1, 'Prince Edward Island (Canada)': 1, 'Colombia': 1, 'United Kingdom (England)': 1, 'British Columbia (Canada)': 1}","http://beeradvocate.com/beer/profile/498/1423/?sort=topr","Bavaria Brouwerij N.V.","165","49","1","122","33","94","25","4","5","1","499"
"57","Euro Strong Lager","Faxe Extra Strong","37","{'Netherlands': 1, 'South Africa': 1, 'Pennsylvania': 2, 'Quebec (Canada)': 4, 'Alberta (Canada)': 3, 'Nova Scotia (Canada)': 2, 'Illinois': 1, 'Sweden': 1, 'New Brunswick (Canada)': 1, 'South Carolina': 1, 'Ohio': 1, 'Michigan': 3, 'Ontario (Canada)': 16}","http://beeradvocate.com/beer/profile/783/2462/?sort=topr","Royal Unibrew A/S","97","45","2","65","38","54","16","1","5","4","327"
"64","Euro Strong Lager","Gubernija Grand 9.5 Beer","47","{'Iowa': 1, 'Pennsylvania': 4, 'Alberta (Canada)': 3, 'Missouri': 1, 'Illinois': 3, 'Connecticut': 1, 'New York': 4, 'California': 5, 'Massachusetts': 1, 'Indiana': 1, 'South Carolina': 1, 'Wisconsin': 1, 'Ohio': 2, 'Michigan': 6, 'Texas': 8, 'Ontario (Canada)': 5}","http://beeradvocate.com/beer/profile/886/35603/?sort=topr","Gubernija Brewery","146","60","8","160","34","98","39","11","5","1","562"
"67","Euro Strong Lager","Žaibo","41","{'Oklahoma': 2, 'Minnesota': 2, 'Illinois': 2, 'Arkansas': 1, 'Maryland': 1, 'Texas': 1, 'Arizona': 3, 'Iowa': 1, 'Michigan': 4, 'Virginia': 1, 'New Hampshire': 1, 'Idaho': 1, 'South Carolina': 1, 'California': 1, 'Georgia': 2, 'Pennsylvania': 4, 'Kentucky': 1, 'Missouri': 2, 'Ohio': 5, 'New Jersey': 2, 'Washington': 1, 'North Carolina': 1, 'District of Columbia': 1}","http://beeradvocate.com/beer/profile/12224/25884/?sort=topr","Rinkuškiai Alaus Darykloje","119","69","8","136","34","79","48","11","7","1","512"
"72","Euro Strong Lager","Zubr Bison","31","{'Manitoba (Canada)': 2, 'Quebec (Canada)': 1, 'Alberta (Canada)': 7, 'Nova Scotia (Canada)': 1, 'Illinois': 1, 'California': 1, 'Massachusetts': 3, 'Belgium': 1, 'United Kingdom (England)': 3, 'Ontario (Canada)': 11}","http://beeradvocate.com/beer/profile/3774/23486/?sort=topr","Pivovar Prerov","136","18","7","89","41","63","13","4","8","0","379"
"77","Euro Strong Lager","Reserva 1925","30","{'Brazil': 1, 'Vermont': 1, 'Netherlands': 1, 'Portugal': 1, 'United Kingdom (Scotland)': 1, 'California': 1, 'Quebec (Canada)': 1, 'Alberta (Canada)': 7, 'Nova Scotia (Canada)': 1, 'Sweden': 2, 'Australia': 1, 'Germany': 1, 'Ireland': 1, 'Switzerland': 1, 'Jordan': 1, 'United Kingdom (England)': 2, 'British Columbia (Canada)': 1, 'Spain': 3, 'Ontario (Canada)': 2}","http://beeradvocate.com/beer/profile/9262/16764/?sort=topr","Grupo Cervezas Alhambra, SL","106","42","5","84","52","59","9","3","8","2","370"
"71","Euro Strong Lager","Kalnapilis 7.30","34","{'Iowa': 1, 'Belarus': 1, 'Wisconsin': 1, 'Colorado': 2, 'New Jersey': 2, 'Lithuania': 1, 'Oklahoma': 1, 'Washington': 1, 'Virginia': 1, 'Kentucky': 1, 'Illinois': 5, 'Pennsylvania': 2, 'New York': 3, 'Florida': 4, 'Massachusetts': 1, 'Belgium': 1, 'Ohio': 2, 'Alabama': 2, 'Spain': 1, 'North Carolina': 1}","http://beeradvocate.com/beer/profile/1273/16755/?sort=topr","Alaus Darykla Kalnapilis","156","36","3","78","42","60","19","11","8","1","414"
"59","Euro Strong Lager","Bière Du Démon","26","{'Wisconsin': 2, 'Portugal': 1, 'Pennsylvania': 2, 'Quebec (Canada)': 1, 'Michigan': 1, 'New Hampshire': 2, 'Washington': 1, 'France': 2, 'Italy': 1, 'Belgium': 1, 'Connecticut': 1, 'California': 4, 'South Carolina': 1, 'Japan': 1, 'United Kingdom (England)': 1, 'United Kingdom (Northern Ireland)': 1, 'Ontario (Canada)': 1, 'Spain': 1, 'British Columbia (Canada)': 1}","http://beeradvocate.com/beer/profile/813/2525/?sort=topr","Les Brasseurs de Gayant","65","28","0","49","10","39","7","2","0","0","200"
"62","Euro Strong Lager","Tennent's Super Strong Lager","31","{'Iowa': 1, 'Italy': 4, 'Colorado': 1, 'United Kingdom (Scotland)': 1, 'New York': 1, 'New Jersey': 2, 'Virginia': 1, 'United Kingdom (Northern Ireland)': 1, 'Illinois': 1, 'Pennsylvania': 2, 'Connecticut': 1, 'Australia': 1, 'California': 2, 'Texas': 1, 'Ohio': 3, 'Belgium': 1, 'Japan': 1, 'United Kingdom (England)': 3, 'France': 1, 'Spain': 1, 'Ontario (Canada)': 1}","http://beeradvocate.com/beer/profile/53/1892/?sort=topr","Tennent Caledonian Breweries","78","48","4","56","17","43","14","0","5","0","265"
"74","Euro Strong Lager","Lomza Mocne","33","{'Korea (North)': 1, 'United Kingdom (Northern Ireland)': 1, 'Iowa': 1, 'Arizona': 1, 'Oregon': 1, 'New Jersey': 1, 'Virginia': 1, 'Georgia': 2, 'Kansas': 1, 'Washington': 3, 'Minnesota': 5, 'Kentucky': 1, 'Rhode Island': 1, 'Florida': 1, 'Pennsylvania': 1, 'New York': 3, 'California': 2, 'Massachusetts': 1, 'Illinois': 3, 'Louisiana': 1, 'North Carolina': 1}","http://beeradvocate.com/beer/profile/580/4794/?sort=topr","Browar Łomża Sp. z o.o.","152","36","9","119","39","64","41","9","10","0","479"
"64","Euro Strong Lager","Het Kanon","20","{'Netherlands': 8, 'Michigan': 1, 'Minnesota': 2, 'Kentucky': 1, 'Illinois': 1, 'Germany': 1, 'Oregon': 1, 'Belgium': 2, 'California': 1, 'Texas': 1, 'British Columbia (Canada)': 1}","http://beeradvocate.com/beer/profile/506/1428/?sort=topr","Grolsch Bierbrouwerij N.V.","48","20","5","63","16","38","10","7","4","0","211"
"76","Euro Strong Lager","XO Beer","30","{'Manitoba (Canada)': 1, 'Netherlands': 1, 'New Jersey': 1, 'Quebec (Canada)': 3, 'Alberta (Canada)': 3, 'France': 1, 'Australia': 3, 'Massachusetts': 1, 'Saskatchewan (Canada)': 1, 'Japan': 1, 'British Columbia (Canada)': 3, 'Norway': 1, 'Texas': 3, 'Ontario (Canada)': 7}","http://beeradvocate.com/beer/profile/4847/10679/?sort=topr","Brasserie Des Gabariers (L&amp;L Cognac SA)","45","40","10","66","13","51","25","8","13","7","278"
"70","Euro Strong Lager","Slavutich Mitzne","29","{'Arizona': 1, 'Wisconsin': 3, 'New Jersey': 1, 'Virginia': 1, 'Alberta (Canada)': 1, 'Minnesota': 2, 'Kentucky': 1, 'Illinois': 3, 'Maine': 1, 'Pennsylvania': 3, 'New York': 2, 'California': 1, 'Massachusetts': 4, 'Ohio': 1, 'Maryland': 2, 'Michigan': 2}","http://beeradvocate.com/beer/profile/709/2091/?sort=topr","Slavutych Brewery","121","31","8","97","29","59","36","7","8","0","396"
"74","Euro Strong Lager","Boss Beer","26","{'Korea (North)': 1, 'Iowa': 1, 'Colorado': 1, 'Pennsylvania': 2, 'Michigan': 1, 'Washington': 4, 'Virginia': 1, 'Oregon': 8, 'Illinois': 1, 'Connecticut': 1, 'California': 1, 'Massachusetts': 2, 'Maryland': 1, 'United Kingdom (England)': 1}","http://beeradvocate.com/beer/profile/5504/30761/?sort=topr","BOSS Browar Witnica S.A.","121","33","4","98","26","55","7","2","4","1","351"
"60","Euro Strong Lager","Bavaria Red","22","{'Australia': 1, 'Wisconsin': 1, 'Pennsylvania': 2, 'Florida': 1, 'Alberta (Canada)': 6, 'Washington': 1, 'Nova Scotia (Canada)': 1, 'France': 1, 'Connecticut': 1, 'California': 1, 'New Brunswick (Canada)': 1, 'Michigan': 1, 'Ontario (Canada)': 4}","http://beeradvocate.com/beer/profile/498/17726/?sort=topr","Bavaria Brouwerij N.V.","27","32","2","92","7","48","21","2","11","0","242"
"73","Euro Strong Lager","Aiko","25","{'Georgia': 1, 'Arizona': 2, 'Wisconsin': 1, 'Pennsylvania': 3, 'Oklahoma': 1, 'Florida': 1, 'North Carolina': 1, 'Illinois': 3, 'New Jersey': 1, 'Tennessee': 1, 'Arkansas': 1, 'Ohio': 2, 'Indiana': 2, 'New York': 1, 'Louisiana': 1, 'Michigan': 1, 'Idaho': 1, 'Ontario (Canada)': 1}","http://beeradvocate.com/beer/profile/12224/32780/?sort=topr","Rinkuškiai Alaus Darykloje","66","37","1","85","24","49","22","5","3","1","293"
"71","Euro Strong Lager","Arsenalnoye Krepkoye (Strong)","23","{'Wisconsin': 1, 'New Jersey': 1, 'Virginia': 3, 'Kentucky': 1, 'Illinois': 3, 'Pennsylvania': 3, 'New York': 3, 'California': 2, 'Massachusetts': 2, 'Missouri': 1, 'Ohio': 1, 'Alabama': 1, 'Rhode Island': 1}","http://beeradvocate.com/beer/profile/401/10841/?sort=topr","Baltika Breweries","87","21","3","56","22","40","20","0","5","1","255"
"78","Euro Strong Lager","Rycerskie","25","{'Georgia': 1, 'Iowa': 1, 'New Jersey': 3, 'Michigan': 1, 'Florida': 2, 'Minnesota': 2, 'Illinois': 2, 'Pennsylvania': 2, 'Connecticut': 2, 'Arizona': 2, 'California': 2, 'Massachusetts': 1, 'Missouri': 1, 'Ohio': 2, 'New York': 1}","http://beeradvocate.com/beer/profile/2438/6872/?sort=topr","Browar Namysłów Sp. z o.o.","113","24","6","74","27","46","27","4","4","2","327"
"61","Euro Strong Lager","Crest Super Premium Lager","20","{'Quebec (Canada)': 1, 'Alberta (Canada)': 1, 'North Carolina': 1, 'France': 1, 'Missouri': 1, 'Ohio': 1, 'United Kingdom (England)': 1, 'Ontario (Canada)': 13}","http://beeradvocate.com/beer/profile/975/7141/?sort=topr","Crest Brewing Company","71","12","5","34","19","33","3","0","3","0","180"
"60","Euro Strong Lager","Boris Bold","19","{'Pennsylvania': 1, 'Quebec (Canada)': 3, 'Alberta (Canada)': 4, 'Illinois': 1, 'Massachusetts': 1, 'Missouri': 1, 'Ontario (Canada)': 8}","http://beeradvocate.com/beer/profile/3218/24197/?sort=topr","Brasserie de Saverne","53","35","0","51","11","36","6","0","4","1","197"
"76","Euro Strong Lager","Tatra Mocne","18","{'Pennsylvania': 1, 'Netherlands': 1, 'Australia': 1, 'Colorado': 3, 'New Jersey': 1, 'Rhode Island': 1, 'Belgium': 1, 'Austria': 1, 'New York': 2, 'Ireland': 1, 'South Carolina': 1, 'United Kingdom (England)': 2, 'Illinois': 1, 'Ontario (Canada)': 1}","http://beeradvocate.com/beer/profile/623/21793/?sort=topr","Zywiec Breweries PLC (Heineken)","73","19","4","58","17","33","12","2","0","0","218"
"71","Euro Strong Lager","Efes Extra","17","{'Wisconsin': 1, 'Pennsylvania': 2, 'Florida': 1, 'Virginia': 2, 'North Carolina': 1, 'Illinois': 2, 'California': 1, 'Ohio': 2, 'United Kingdom (England)': 1, 'Maryland': 1, 'Texas': 1, 'Ontario (Canada)': 1}","http://beeradvocate.com/beer/profile/569/14169/?sort=topr","Anadolu Efes Brewery","57","24","2","39","19","33","19","7","2","0","202"
"71","Euro Strong Lager","Ceres Strong Ale Export","19","{'Italy': 1, 'Indiana': 1, 'New Jersey': 1, 'Florida': 1, 'Michigan': 1, 'New Hampshire': 1, 'Serbia': 1, 'North Carolina': 1, 'Pennsylvania': 1, 'Connecticut': 1, 'California': 2, 'Massachusetts': 1, 'Texas': 1, 'Ohio': 1, 'United Kingdom (England)': 1, 'Maryland': 1, 'Spain': 1, 'Ontario (Canada)': 1}","http://beeradvocate.com/beer/profile/269/4605/?sort=topr","Ceres Brewery (Royal Unibrew)","81","31","0","45","22","41","9","2","1","0","232"
"65","Euro Strong Lager","Special Brew","16","{'Australia': 3, 'India': 1, 'United Kingdom (Northern Ireland)': 1, 'Oregon': 1, 'Georgia': 1, 'California': 1, 'China': 1, 'United Kingdom (England)': 4, 'Bolivia': 1, 'Texas': 1, 'Ontario (Canada)': 1}","http://beeradvocate.com/beer/profile/721/4350/?sort=topr","Carlsberg Danmark A/S","39","23","2","29","10","22","2","0","1","1","129"
"76","Euro Strong Lager","Gordon Finest Gold","17","{'Australia': 1, 'Portugal': 1, 'Mexico': 2, 'Pennsylvania': 1, 'Florida': 1, 'Virginia': 1, 'France': 1, 'Netherlands': 1, 'Texas': 1, 'Belgium': 3, 'Maryland': 1, 'United Kingdom (England)': 1, 'Spain': 1, 'British Columbia (Canada)': 1}","http://beeradvocate.com/beer/profile/9534/26305/?sort=topr","John Martin's (John Martin SA)","36","18","2","42","18","25","12","4","4","1","162"
"75","Euro Strong Lager","Debowe Mocne","15","{'Netherlands': 2, 'Rhode Island': 1, 'Austria': 1, 'New York': 1, 'Germany': 1, 'Belgium': 1, 'California': 1, 'United Kingdom (England)': 4, 'United Kingdom (Northern Ireland)': 1, 'Norway': 1, 'United Kingdom (Wales)': 1}","http://beeradvocate.com/beer/profile/1941/24254/?sort=topr","Tyskie Browary Książęce (SABMiller)","59","9","3","38","27","32","13","3","2","0","186"
"70","Euro Strong Lager","Yarpivo Strong (Krepkoye)","18","{'Wisconsin': 1, 'California': 1, 'Pennsylvania': 3, 'Virginia': 1, 'Florida': 1, 'Minnesota': 2, 'Kentucky': 1, 'Illinois': 2, 'New York': 3, 'New Hampshire': 1, 'Ohio': 1, 'Maryland': 1}","http://beeradvocate.com/beer/profile/401/8319/?sort=topr","Baltika Breweries","63","19","4","50","15","27","1","2","0","0","181"
"78","Euro Strong Lager","Zhiguly Grande 9,5","13","{'Wisconsin': 1, 'Pennsylvania': 2, 'Florida': 1, 'Washington': 1, 'Kentucky': 1, 'Tennessee': 1, 'California': 1, 'Massachusetts': 1, 'Indiana': 2, 'Maryland': 1, 'Texas': 1}","http://beeradvocate.com/beer/profile/12224/41613/?sort=topr","Rinkuškiai Alaus Darykloje","42","15","0","33","10","23","12","4","2","0","141"
"67","Euro Strong Lager","Krasny Vostok Extra","17","{'Iowa': 1, 'Wisconsin': 1, 'Pennsylvania': 2, 'Michigan': 2, 'Florida': 1, 'Minnesota': 2, 'North Carolina': 1, 'Illinois': 1, 'Georgia': 1, 'Ohio': 3, 'Oklahoma': 1, 'Idaho': 1}","http://beeradvocate.com/beer/profile/4936/24304/?sort=topr","Krasniy Vostok","67","14","0","63","21","36","11","1","2","0","215"
"62","Euro Strong Lager","Cisk XS Extra Lager","17","{'Iowa': 1, 'Colorado': 2, 'Pennsylvania': 1, 'Oklahoma': 2, 'Illinois': 1, 'New Jersey': 2, 'Connecticut': 1, 'Ohio': 2, 'Wisconsin': 1, 'Texas': 4}","http://beeradvocate.com/beer/profile/1332/44356/?sort=topr","Simonds Farsons Cisk Plc.","94","24","0","60","14","28","15","0","5","0","240"
"80","Euro Strong Lager","Budvar Super Strong","15","{'Australia': 3, 'Wisconsin': 1, 'United Kingdom (Scotland)': 1, 'Quebec (Canada)': 1, 'Netherlands': 1, 'Germany': 1, 'Missouri': 1, 'Switzerland': 1, 'California': 1, 'New York': 2, 'Norway': 1, 'Ontario (Canada)': 1}","http://beeradvocate.com/beer/profile/304/11342/?sort=topr","Brewery Budweiser Budvar / B.B.N.P.","36","27","1","46","20","27","8","3","0","0","168"
"69","Euro Strong Lager","Uosto","14","{'New Jersey': 1, 'Virginia': 1, 'Michigan': 3, 'Minnesota': 2, 'Illinois': 3, 'Missouri': 1, 'Ohio': 3}","http://beeradvocate.com/beer/profile/12224/25932/?sort=topr","Rinkuškiai Alaus Darykloje","55","18","4","50","8","31","9","2","1","0","178"
"78","Euro Strong Lager","King Cobra","13","{'Korea (North)': 1, 'Australia': 3, 'Colorado': 1, 'Oregon': 1, 'District of Columbia': 1, 'California': 1, 'United Kingdom (England)': 3, 'United Kingdom (Northern Ireland)': 1, 'Spain': 1}","http://beeradvocate.com/beer/profile/5503/27363/?sort=topr","Browar Belgia","51","17","2","60","21","40","24","3","7","2","227"
"74","Euro Strong Lager","Biriečiu","16","{'Mississippi': 1, 'Iowa': 1, 'Wisconsin': 1, 'New Jersey': 2, 'Michigan': 1, 'Finland': 1, 'Florida': 1, 'Minnesota': 2, 'Illinois': 2, 'New Hampshire': 1, 'Missouri': 1, 'Ohio': 2}","http://beeradvocate.com/beer/profile/12224/25918/?sort=topr","Rinkuškiai Alaus Darykloje","23","30","3","71","12","23","11","7","1","0","181"
"71","Euro Strong Lager","Faxe Strong","13","{'Manitoba (Canada)': 1, 'Alberta (Canada)': 3, 'Ontario (Canada)': 2, 'British Columbia (Canada)': 7}","http://beeradvocate.com/beer/profile/783/15615/?sort=topr","Royal Unibrew A/S","60","11","6","27","17","31","10","1","3","0","166"
"74","Euro Strong Lager","Karpackie Super","13","{'Iowa': 1, 'Pennsylvania': 2, 'Michigan': 2, 'Minnesota': 1, 'Illinois': 2, 'New York': 2, 'Indiana': 1, 'Maryland': 1, 'Alberta (Canada)': 1}","http://beeradvocate.com/beer/profile/3778/54760/?sort=topr","Browar Van Pur S.A. (Brau Union Polska)","33","17","6","51","11","23","19","4","2","2","168"
"68","Euro Strong Lager","Wiibroe Årgangsøl","11","{'Georgia': 1, 'New Jersey': 1, 'Virginia': 1, 'Oregon': 1, 'Sweden': 2, 'New York': 1, 'Germany': 1, 'United Kingdom (England)': 2, 'Texas': 1}","http://beeradvocate.com/beer/profile/4386/10236/?sort=topr","Wiibroes Bryggeri","27","12","2","25","7","19","6","1","2","0","101"
"80","Euro Strong Lager","Primátor 21% Rytírský (Knight's Lager)","12","{'Australia': 1, 'Czech Republic': 1, 'New Jersey': 1, 'Florida': 1, 'France': 1, 'New York': 1, 'Ontario (Canada)': 1, 'Maryland': 1, 'Illinois': 1, 'Norway': 1, 'Texas': 1, 'British Columbia (Canada)': 1}","http://beeradvocate.com/beer/profile/707/23249/?sort=topr","Pivovar Náchod a.s.","39","15","1","71","17","21","16","4","7","1","192"
"75","Euro Strong Lager","Maksimum","10","{'Pennsylvania': 2, 'Oklahoma': 1, 'California': 1, 'Texas': 5, 'Illinois': 1}","http://beeradvocate.com/beer/profile/9374/54812/?sort=topr","UAB Švyturys","43","9","4","20","9","25","5","0","1","0","116"
"83","Euro Strong Lager","King Puff","3","{'Illinois': 3}","http://beeradvocate.com/beer/profile/18006/82882/?sort=topr","Half Acre Beer Company","13","2","1","11","1","10","5","0","3","0","46"
"68","Euro Strong Lager","Carlsberg Master Brew","8","{'Virginia': 1, 'Illinois': 1, 'Sweden': 1, 'California': 1, 'Colombia': 1, 'United Kingdom (England)': 1, 'Texas': 2}","http://beeradvocate.com/beer/profile/721/4351/?sort=topr","Carlsberg Danmark A/S","23","9","4","17","6","14","1","0","1","0","75"
"76","Euro Strong Lager","Mezquita","10","{'Italy': 1, 'Portugal': 1, 'United Kingdom (Scotland)': 1, 'Mexico': 1, 'France': 1, 'Ireland': 1, 'United Kingdom (England)': 1, 'United Kingdom (Northern Ireland)': 1, 'Spain': 2}","http://beeradvocate.com/beer/profile/9262/32806/?sort=topr","Grupo Cervezas Alhambra, SL","12","15","1","51","9","17","4","3","0","0","112"
"79","Euro Strong Lager","Baro Tradicinis","11","{'Georgia': 1, 'Iowa': 1, 'New Jersey': 2, 'Minnesota': 2, 'Illinois': 2, 'Arizona': 1, 'Ohio': 2}","http://beeradvocate.com/beer/profile/12224/25917/?sort=topr","Rinkuškiai Alaus Darykloje","59","14","4","39","12","23","4","0","1","0","156"
"78","Euro Strong Lager","Staropolskie Mocne","11","{'Florida': 1, 'Alberta (Canada)': 4, 'New York': 1, 'California': 3, 'Illinois': 2}","http://beeradvocate.com/beer/profile/5514/24233/?sort=topr","Browar Staropolski","37","7","1","41","7","21","13","0","2","1","130"
"76","Euro Strong Lager","San Miguel Selecta","5","{'Belgium': 1, 'Spain': 4}","http://beeradvocate.com/beer/profile/12633/62885/?sort=topr","San Miguel Fabricas De Cervaza Y Maltas S.A.","14","5","0","15","10","7","1","0","0","0","52"
"79","Euro Strong Lager","Okocim Mocne Premium Malt Liquor","8","{'Arizona': 1, 'Wisconsin': 2, 'Minnesota': 1, 'Illinois': 1, 'New York': 1, 'California': 1, 'Texas': 1}","http://beeradvocate.com/beer/profile/568/62342/?sort=topr","Browar Okocim S.A. (Carlsberg)","35","11","1","21","3","17","4","0","3","0","95"
"70","Euro Strong Lager","Jupiler Tauro","8","{'Belgium': 3, 'United Kingdom (England)': 1, 'Netherlands': 3, 'Wisconsin': 1}","http://beeradvocate.com/beer/profile/134/50624/?sort=topr","Brasserie Piedboeuf","18","7","0","17","10","11","2","1","1","0","67"
"76","Euro Strong Lager","Gordon Finest Red","10","{'Netherlands': 2, 'Minnesota': 1, 'Virginia': 1, 'Massachusetts': 1, 'Belgium': 3, 'United Kingdom (England)': 1, 'Ontario (Canada)': 1}","http://beeradvocate.com/beer/profile/9534/26121/?sort=topr","John Martin's (John Martin SA)","18","12","5","35","11","16","5","0","1","2","105"
"70","Euro Strong Lager","Aldara Stiprais (Strong)","10","{'New Jersey': 2, 'Florida': 2, 'Virginia': 2, 'North Carolina': 1, 'New York': 1, 'Massachusetts': 1, 'Russian Federation': 1}","http://beeradvocate.com/beer/profile/1382/31113/?sort=topr","Aldaris","29","3","2","22","11","15","7","3","1","0","93"
"71","Euro Strong Lager","Tuborg Fine Festival (FF)","6","{'Wisconsin': 1, 'Virginia': 1, 'Sweden': 1, 'Germany': 1, 'United Kingdom (England)': 1, 'Texas': 1}","http://beeradvocate.com/beer/profile/1435/9107/?sort=topr","Tuborgs Bryggerier A/S","13","7","4","11","7","13","2","0","0","0","57"
"82","Euro Strong Lager","Sherbrooke Shamrock","9","{'Quebec (Canada)': 2, 'Alberta (Canada)': 5, 'Ontario (Canada)': 2}","http://beeradvocate.com/beer/profile/711/35823/?sort=topr","Alley Kat Brewing Company","28","13","1","20","14","18","12","6","7","0","119"
"69","Euro Strong Lager","Amsterdam Navigator 8,4","6","{'Switzerland': 1, 'Michigan': 1, 'Netherlands': 2, 'Illinois': 1, 'France': 1}","http://beeradvocate.com/beer/profile/506/43461/?sort=topr","Grolsch Bierbrouwerij N.V.","26","10","0","38","9","20","9","0","1","0","113"
"92","Dubbel","Chimay Première (Red)","100","{'Afghanistan': 1, 'Mississippi': 1, 'Minnesota': 3, 'Illinois': 3, 'Netherlands': 1, 'Indiana': 1, 'Maryland': 2, 'Texas': 6, 'Ontario (Canada)': 4, 'Israel': 1, 'Australia': 2, 'Wisconsin': 2, 'Michigan': 7, 'Connecticut': 1, 'California': 5, 'Massachusetts': 7, 'West Virginia': 1, 'Belgium': 1, 'New Hampshire': 2, 'Germany': 1, 'Georgia': 2, 'Pennsylvania': 9, 'Quebec (Canada)': 2, 'Florida': 2, 'Kentucky': 1, 'Rhode Island': 1, 'Missouri': 2, 'Ohio': 4, 'Alabama': 1, 'Colorado': 2, 'Mexico': 1, 'New Jersey': 2, 'North Carolina': 2, 'New York': 6, 'United Kingdom (England)': 1, 'Nevada': 1, 'Maine': 1, 'British Columbia (Canada)': 1}","http://beeradvocate.com/beer/profile/215/672/?sort=topr","Bières de Chimay S.A.","175","231","39","371","65","227","136","106","33","10","1393"
"93","Dubbel","Ommegang (Abbey Ale)","100","{'Mississippi': 1, 'Alberta (Canada)': 2, 'Minnesota': 4, 'Illinois': 4, 'Arkansas': 2, 'Indiana': 3, 'Maryland': 2, 'Louisiana': 5, 'Texas': 2, 'Ontario (Canada)': 1, 'Korea (North)': 1, 'Wisconsin': 4, 'Michigan': 1, 'Kansas': 1, 'Virginia': 1, 'Montana': 1, 'California': 6, 'Massachusetts': 4, 'South Carolina': 1, 'New Hampshire': 2, 'Pennsylvania': 12, 'Florida': 3, 'Kentucky': 2, 'Rhode Island': 1, 'Missouri': 1, 'Ohio': 2, 'Colorado': 2, 'New Jersey': 3, 'Washington': 1, 'North Carolina': 4, 'New York': 9, 'Nevada': 1, 'Maine': 1}","http://beeradvocate.com/beer/profile/42/142/?sort=topr","Brewery Ommegang","125","328","53","433","58","244","200","121","35","6","1603"
"93","Dubbel","Westmalle Trappist Dubbel","100","{'Brazil': 1, 'Afghanistan': 1, 'Mississippi': 1, 'Alberta (Canada)': 1, 'Minnesota': 3, 'France': 1, 'Georgia': 2, 'Indiana': 1, 'Texas': 6, 'Louisiana': 1, 'Idaho': 1, 'Ontario (Canada)': 2, 'Manitoba (Canada)': 1, 'Wisconsin': 1, 'Michigan': 2, 'Virginia': 1, 'Oregon': 2, 'Connecticut': 2, 'Tennessee': 1, 'California': 3, 'Massachusetts': 7, 'Belgium': 1, 'New Hampshire': 1, 'Oklahoma': 1, 'Spain': 2, 'Netherlands': 2, 'Newfoundland (Canada)': 1, 'Pennsylvania': 5, 'Quebec (Canada)': 1, 'Florida': 1, 'Kentucky': 2, 'Rhode Island': 2, 'Missouri': 1, 'Ohio': 2, 'Illinois': 5, 'New Jersey': 6, 'Washington': 1, 'North Carolina': 2, 'New York': 8, 'United Kingdom (England)': 3, 'Maine': 1, 'British Columbia (Canada)': 3}","http://beeradvocate.com/beer/profile/208/674/?sort=topr","Brouwerij Westmalle","152","412","78","386","90","261","193","59","42","17","1690"
"88","Dubbel","Père Jacques","100","{'Oklahoma': 2, 'Delaware': 2, 'Minnesota': 2, 'Illinois': 10, 'Indiana': 2, 'Maryland': 4, 'Texas': 1, 'Ontario (Canada)': 3, 'Arizona': 1, 'Wisconsin': 1, 'Michigan': 1, 'Virginia': 4, 'Oregon': 1, 'Montana': 1, 'California': 8, 'Massachusetts': 4, 'New Hampshire': 4, 'Georgia': 4, 'Pennsylvania': 13, 'Florida': 1, 'Kentucky': 1, 'Rhode Island': 2, 'Missouri': 1, 'Ohio': 2, 'Colorado': 2, 'New Jersey': 6, 'Washington': 3, 'North Carolina': 1, 'New York': 7, 'District of Columbia': 1, 'United Kingdom (England)': 1, 'Maine': 3}","http://beeradvocate.com/beer/profile/1549/16807/?sort=topr","Goose Island Beer Co.","189","303","40","500","44","226","236","63","24","5","1630"
"93","Dubbel","St. Bernardus Prior 8","100","{'Afghanistan': 1, 'Mississippi': 1, 'Oklahoma': 2, 'Minnesota': 4, 'Illinois': 8, 'Netherlands': 1, 'Maryland': 2, 'Texas': 2, 'Ontario (Canada)': 2, 'Israel': 1, 'Arizona': 2, 'Wisconsin': 1, 'Michigan': 7, 'Kansas': 1, 'New York': 7, 'California': 5, 'Massachusetts': 3, 'New Hampshire': 1, 'Alberta (Canada)': 1, 'Georgia': 4, 'Pennsylvania': 10, 'Florida': 3, 'Kentucky': 1, 'Nebraska': 2, 'District of Columbia': 2, 'Ohio': 2, 'Alabama': 2, 'Colorado': 4, 'New Jersey': 4, 'Washington': 2, 'North Carolina': 2, 'Tennessee': 4, 'Montana': 1, 'British Columbia (Canada)': 2}","http://beeradvocate.com/beer/profile/259/1855/?sort=topr","Brouwerij St. Bernardus NV","180","422","50","453","58","247","221","96","17","5","1749"
"93","Dubbel","Trappistes Rochefort 6","100","{'Afghanistan': 1, 'Oklahoma': 1, 'Minnesota': 2, 'Illinois': 8, 'Netherlands': 1, 'Ohio': 1, 'Indiana': 2, 'Maryland': 2, 'Louisiana': 1, 'Thailand': 1, 'Texas': 5, 'Ontario (Canada)': 2, 'Australia': 1, 'Iowa': 1, 'Michigan': 5, 'Kansas': 1, 'Virginia': 4, 'Connecticut': 2, 'California': 9, 'Massachusetts': 3, 'Russian Federation': 1, 'New Hampshire': 2, 'Spain': 1, 'Georgia': 3, 'Pennsylvania': 4, 'Florida': 2, 'Kentucky': 1, 'Rhode Island': 3, 'South Carolina': 1, 'Missouri': 3, 'Wisconsin': 2, 'South Dakota': 1, 'Colorado': 3, 'New Jersey': 3, 'Washington': 2, 'North Carolina': 3, 'New York': 5, 'British Columbia (Canada)': 2}","http://beeradvocate.com/beer/profile/207/3842/?sort=topr","Brasserie de Rochefort","203","351","56","413","40","290","174","72","12","8","1619"
"90","Dubbel","Abbey Belgian Style Ale","100","{'Oklahoma': 2, 'Minnesota': 6, 'Illinois': 5, 'Arkansas': 3, 'New Mexico': 1, 'Indiana': 4, 'Maryland': 2, 'Louisiana': 1, 'Texas': 3, 'Ontario (Canada)': 2, 'Manitoba (Canada)': 1, 'Wisconsin': 3, 'Michigan': 6, 'Kansas': 2, 'Utah': 1, 'Virginia': 2, 'Oregon': 3, 'Connecticut': 1, 'New York': 5, 'California': 6, 'Idaho': 1, 'South Carolina': 2, 'Georgia': 2, 'Pennsylvania': 3, 'Kentucky': 2, 'Rhode Island': 1, 'Missouri': 1, 'Ohio': 5, 'Colorado': 10, 'New Jersey': 3, 'Washington': 1, 'North Carolina': 4, 'Tennessee': 3}","http://beeradvocate.com/beer/profile/192/1912/?sort=topr","New Belgium Brewing","204","267","67","364","61","224","190","110","20","12","1519"
"100","Dubbel","Trappist Westvleteren 8 (VIII)","100","{'New Hampshire': 1, 'Minnesota': 3, 'Illinois': 5, 'Georgia': 1, 'Indiana': 2, 'Maryland': 4, 'Louisiana': 1, 'Texas': 2, 'Ontario (Canada)': 3, 'Iowa': 1, 'Wisconsin': 1, 'Michigan': 2, 'Korea (South)': 1, 'Virginia': 4, 'Oregon': 1, 'Connecticut': 3, 'Montana': 1, 'California': 12, 'Massachusetts': 1, 'Germany': 1, 'Spain': 2, 'Netherlands': 3, 'Pennsylvania': 4, 'Florida': 3, 'Tennessee': 1, 'Sweden': 1, 'Australia': 1, 'District of Columbia': 1, 'Ohio': 2, 'France': 2, 'Colorado': 1, 'New Jersey': 4, 'Washington': 4, 'North Carolina': 3, 'New York': 8, 'Japan': 1, 'United Kingdom (England)': 5, 'Maine': 2, 'British Columbia (Canada)': 2}","http://beeradvocate.com/beer/profile/313/857/?sort=topr","Brouwerij Westvleteren (Sint-Sixtusabdij van Westvleteren)","167","418","66","381","49","221","166","68","35","10","1581"
"71","Dubbel","Blue Moon Winter Abbey Ale","100","{'Oklahoma': 1, 'Minnesota': 4, 'Illinois': 5, 'Ohio': 4, 'Indiana': 3, 'Louisiana': 1, 'Texas': 4, 'Ontario (Canada)': 1, 'Arizona': 1, 'Wisconsin': 2, 'United Kingdom (Scotland)': 1, 'Michigan': 2, 'Kansas': 2, 'Virginia': 5, 'Oregon': 1, 'Connecticut': 2, 'Tennessee': 2, 'California': 5, 'Massachusetts': 2, 'West Virginia': 1, 'South Carolina': 1, 'Georgia': 3, 'Pennsylvania': 8, 'Florida': 2, 'Hawaii': 1, 'Kentucky': 4, 'Missouri': 3, 'Iowa': 1, 'Alabama': 1, 'Colorado': 1, 'New Jersey': 5, 'Washington': 1, 'North Carolina': 3, 'New York': 11, 'Montana': 1, 'Nevada': 2, 'Maine': 1}","http://beeradvocate.com/beer/profile/306/63224/?sort=topr","Coors Brewing Company","225","169","27","361","50","170","55","57","9","1","1124"
"86","Dubbel","Allagash Dubbel Ale","100","{'Delaware': 2, 'Illinois': 5, 'Arkansas': 1, 'Maryland': 4, 'Texas': 2, 'Tennessee': 1, 'Arizona': 1, 'Michigan': 2, 'Utah': 2, 'Virginia': 6, 'Connecticut': 3, 'Montana': 1, 'California': 6, 'Massachusetts': 10, 'South Carolina': 2, 'New Hampshire': 3, 'Vermont': 1, 'Georgia': 1, 'Pennsylvania': 9, 'Florida': 2, 'Kentucky': 2, 'Rhode Island': 4, 'Ohio': 2, 'New Jersey': 9, 'Saskatchewan (Canada)': 1, 'Washington': 5, 'North Carolina': 1, 'New York': 7, 'Maine': 2}","http://beeradvocate.com/beer/profile/4/10/?sort=topr","Allagash Brewing Company","181","248","80","385","81","213","135","77","27","13","1440"
"92","Dubbel","St. Bernardus Pater 6","100","{'Mississippi': 2, 'Oklahoma': 3, 'Minnesota': 4, 'Illinois': 7, 'Netherlands': 2, 'Maryland': 1, 'Ontario (Canada)': 1, 'Arizona': 1, 'Wisconsin': 3, 'Michigan': 5, 'Virginia': 1, 'New York': 2, 'California': 5, 'Massachusetts': 4, 'Alberta (Canada)': 1, 'West Virginia': 1, 'South Carolina': 4, 'United Kingdom (Wales)': 1, 'Georgia': 4, 'Pennsylvania': 12, 'Florida': 1, 'Kentucky': 3, 'Belgium': 1, 'Australia': 2, 'Missouri': 1, 'Ohio': 2, 'France': 1, 'Colorado': 6, 'New Jersey': 7, 'Washington': 3, 'North Carolina': 4, 'Tennessee': 1}","http://beeradvocate.com/beer/profile/259/1856/?sort=topr","Brouwerij St. Bernardus NV","189","356","50","398","61","262","183","100","30","8","1637"
"90","Dubbel","Maredsous 8","100","{'Mississippi': 1, 'Italy': 2, 'Alberta (Canada)': 5, 'Missouri': 1, 'Minnesota': 4, 'Illinois': 5, 'Indiana': 1, 'Maryland': 1, 'Louisiana': 1, 'Texas': 4, 'Ontario (Canada)': 8, 'Arizona': 1, 'Iowa': 1, 'Virginia': 4, 'Oregon': 1, 'Connecticut': 1, 'New York': 8, 'California': 6, 'Massachusetts': 4, 'Delaware': 1, 'Netherlands': 2, 'Pennsylvania': 8, 'Florida': 4, 'Rhode Island': 1, 'South Carolina': 1, 'Australia': 1, 'District of Columbia': 1, 'Wisconsin': 1, 'Alabama': 1, 'Colorado': 2, 'South Africa': 1, 'New Jersey': 3, 'Saskatchewan (Canada)': 1, 'Washington': 4, 'North Carolina': 1, 'Tennessee': 1, 'Montana': 1, 'Colombia': 1, 'United Kingdom (England)': 1, 'British Columbia (Canada)': 1}","http://beeradvocate.com/beer/profile/222/2508/?sort=topr","Brune","139","347","79","353","62","217","138","68","34","5","1442"
"86","Dubbel","Ovila Abbey Dubbel","100","{'Mississippi': 1, 'Iowa': 3, 'Oklahoma': 3, 'Minnesota': 3, 'Illinois': 1, 'Arkansas': 1, 'Maryland': 3, 'Idaho': 1, 'Ontario (Canada)': 1, 'Korea (North)': 1, 'Australia': 2, 'Wisconsin': 2, 'Arizona': 1, 'Michigan': 4, 'Virginia': 3, 'Oregon': 1, 'Connecticut': 3, 'Montana': 1, 'California': 10, 'Massachusetts': 5, 'New Hampshire': 1, 'Alberta (Canada)': 1, 'Vermont': 1, 'Netherlands': 1, 'Pennsylvania': 7, 'Quebec (Canada)': 1, 'Florida': 3, 'Rhode Island': 1, 'Nebraska': 1, 'Missouri': 1, 'Ohio': 2, 'Colorado': 5, 'New Jersey': 6, 'Washington': 3, 'North Carolina': 2, 'New York': 9, 'Texas': 1, 'Nevada': 1}","http://beeradvocate.com/beer/profile/140/67106/?sort=topr","Sierra Nevada Brewing Co.","164","315","48","377","42","195","149","82","22","14","1408"
"90","Dubbel","Corsendonk Pater / Abbey Brown Ale","100","{'Mississippi': 1, 'Oklahoma': 1, 'Minnesota': 2, 'Illinois': 5, 'Netherlands': 2, 'New Mexico': 1, 'Indiana': 1, 'Maryland': 8, 'Louisiana': 3, 'Arizona': 1, 'Michigan': 3, 'Virginia': 6, 'Connecticut': 5, 'Montana': 1, 'California': 6, 'Massachusetts': 3, 'South Carolina': 1, 'New Hampshire': 2, 'Spain': 2, 'Georgia': 4, 'Pennsylvania': 5, 'Quebec (Canada)': 1, 'Florida': 3, 'Hawaii': 1, 'Kentucky': 2, 'Rhode Island': 2, 'Belgium': 1, 'Switzerland': 1, 'Ohio': 1, 'Alabama': 1, 'Colorado': 2, 'New Jersey': 9, 'Washington': 2, 'North Carolina': 1, 'New York': 8, 'United Kingdom (England)': 2}","http://beeradvocate.com/beer/profile/41/138/?sort=topr","Brouwerij Corsendonk","178","417","84","310","59","240","144","87","29","21","1569"
"84","Dubbel","Smuttynose Winter Ale","100","{'Illinois': 10, 'Maryland': 1, 'Texas': 2, 'Ontario (Canada)': 1, 'Wisconsin': 2, 'Virginia': 3, 'Connecticut': 3, 'Montana': 1, 'New Hampshire': 4, 'Massachusetts': 10, 'South Carolina': 4, 'California': 1, 'Georgia': 3, 'Pennsylvania': 15, 'Florida': 4, 'Kentucky': 1, 'Rhode Island': 1, 'District of Columbia': 1, 'Ohio': 9, 'New York': 8, 'Colorado': 2, 'New Jersey': 4, 'North Carolina': 4, 'Tennessee': 2, 'Maine': 2}","http://beeradvocate.com/beer/profile/141/26667/?sort=topr","Smuttynose Brewing Company","188","304","93","388","93","195","119","62","16","6","1464"
"85","Dubbel","Grimbergen Dubbel","100","{'Mississippi': 1, 'Italy': 1, 'Oklahoma': 2, 'Minnesota': 1, 'Illinois': 3, 'Georgia': 1, 'Indiana': 1, 'Maryland': 3, 'Louisiana': 4, 'Texas': 1, 'Ontario (Canada)': 2, 'Australia': 3, 'Wisconsin': 2, 'Michigan': 3, 'Virginia': 3, 'California': 12, 'Massachusetts': 4, 'Belgium': 2, 'Germany': 1, 'Spain': 2, 'Netherlands': 4, 'Pennsylvania': 8, 'Quebec (Canada)': 1, 'Kentucky': 3, 'Rhode Island': 1, 'Sweden': 2, 'Arizona': 1, 'Missouri': 3, 'Ohio': 6, 'Colorado': 2, 'New Jersey': 2, 'New York': 9, 'United Kingdom (England)': 1, 'Nevada': 1, 'British Columbia (Canada)': 1}","http://beeradvocate.com/beer/profile/436/1496/?sort=topr","Brouwerij Alken-Maes","165","281","53","383","53","204","119","42","27","6","1333"
"92","Dubbel","Trappist Achel 8° Bruin","100","{'Brazil': 1, 'Afghanistan': 1, 'Mississippi': 1, 'Italy': 1, 'Czech Republic': 1, 'Alberta (Canada)': 6, 'Minnesota': 3, 'Illinois': 1, 'Maryland': 3, 'Louisiana': 2, 'Texas': 2, 'Ontario (Canada)': 4, 'Australia': 4, 'Michigan': 3, 'Virginia': 1, 'Connecticut': 1, 'California': 7, 'Massachusetts': 5, 'West Virginia': 1, 'South Carolina': 1, 'New Hampshire': 1, 'United Kingdom (Wales)': 1, 'Spain': 1, 'Vermont': 2, 'Netherlands': 3, 'Pennsylvania': 8, 'Quebec (Canada)': 1, 'Philippines': 1, 'Kentucky': 2, 'Belgium': 3, 'Sweden': 2, 'Ohio': 2, 'Alabama': 2, 'Denmark': 1, 'Colorado': 2, 'New Jersey': 2, 'Washington': 4, 'North Carolina': 2, 'New York': 7, 'Japan': 1, 'United Kingdom (England)': 1, 'Nevada': 1, 'Maine': 1}","http://beeradvocate.com/beer/profile/922/8045/?sort=topr","Brouwerij der St. Benedictusabdij de Achelse","185","358","59","393","68","266","191","71","47","17","1655"
"88","Dubbel","Lost &amp; Found Abbey Ale","100","{'Alberta (Canada)': 1, 'Missouri': 2, 'Illinois': 4, 'Maryland': 1, 'Texas': 1, 'Ontario (Canada)': 4, 'Australia': 2, 'Iowa': 1, 'United Kingdom (Scotland)': 1, 'Utah': 1, 'Virginia': 1, 'Oregon': 1, 'Montana': 2, 'California': 21, 'Massachusetts': 1, 'West Virginia': 1, 'New Hampshire': 1, 'Georgia': 8, 'Pennsylvania': 11, 'Florida': 1, 'Kentucky': 2, 'District of Columbia': 1, 'Ohio': 2, 'Alabama': 3, 'New York': 3, 'Colorado': 4, 'New Jersey': 12, 'Washington': 3, 'North Carolina': 1, 'Tennessee': 1, 'Nevada': 1}","http://beeradvocate.com/beer/profile/18149/31656/?sort=topr","The Lost Abbey","161","299","56","364","42","231","162","62","33","17","1427"
"88","Dubbel","La Trappe Dubbel (Koningshoeven / Dominus)","100","{'Brazil': 2, 'Italy': 1, 'Czech Republic': 1, 'Oklahoma': 2, 'New Hampshire': 1, 'Minnesota': 1, 'Illinois': 4, 'Indiana': 2, 'Maryland': 2, 'Louisiana': 1, 'Texas': 3, 'Ontario (Canada)': 5, 'Israel': 1, 'Australia': 9, 'United Kingdom (Scotland)': 1, 'Michigan': 5, 'Virginia': 4, 'Oregon': 1, 'Slovenia': 1, 'New York': 7, 'California': 6, 'Massachusetts': 2, 'South Carolina': 1, 'Thailand': 1, 'Germany': 1, 'Spain': 3, 'Vermont': 1, 'Netherlands': 1, 'Pennsylvania': 4, 'Quebec (Canada)': 1, 'Florida': 3, 'Belgium': 3, 'Sweden': 1, 'Missouri': 2, 'Switzerland': 1, 'Ohio': 3, 'Alabama': 1, 'France': 1, 'Colorado': 3, 'Mexico': 1, 'New Jersey': 2, 'District of Columbia': 1, 'United Kingdom (England)': 2}","http://beeradvocate.com/beer/profile/184/626/?sort=topr","Bierbrouwerij De Koningshoeven B.V.","146","355","48","402","70","255","175","69","18","14","1552"
"83","Dubbel","Bornem Dubbel","100","{'Mississippi': 1, 'Czech Republic': 1, 'Alberta (Canada)': 4, 'Missouri': 3, 'Illinois': 4, 'Arkansas': 1, 'Maryland': 4, 'Louisiana': 5, 'Texas': 3, 'Ontario (Canada)': 13, 'Arizona': 2, 'Michigan': 2, 'Kansas': 1, 'Virginia': 5, 'Connecticut': 1, 'New York': 6, 'California': 7, 'Massachusetts': 4, 'West Virginia': 1, 'South Carolina': 1, 'New Hampshire': 3, 'Germany': 1, 'Georgia': 1, 'Pennsylvania': 8, 'Poland': 1, 'Florida': 3, 'Rhode Island': 1, 'District of Columbia': 2, 'Ohio': 5, 'Alabama': 1, 'Colorado': 1, 'New Jersey': 2, 'Tennessee': 1, 'United Kingdom (England)': 1}","http://beeradvocate.com/beer/profile/48/1608/?sort=topr","Brouwerij Van Steenberge N.V.","154","316","47","308","58","243","142","42","44","9","1363"
"86","Dubbel","Affligem Dubbel","100","{'Italy': 1, 'Czech Republic': 1, 'Alberta (Canada)': 3, 'New Hampshire': 1, 'Illinois': 1, 'Georgia': 3, 'New Brunswick (Canada)': 1, 'Ohio': 2, 'Indiana': 1, 'Texas': 7, 'Ontario (Canada)': 22, 'Wisconsin': 1, 'Michigan': 1, 'District of Columbia': 1, 'Germany': 1, 'Massachusetts': 5, 'West Virginia': 1, 'California': 10, 'Oklahoma': 2, 'Spain': 4, 'Netherlands': 2, 'Newfoundland (Canada)': 1, 'Pennsylvania': 2, 'Quebec (Canada)': 4, 'Florida': 2, 'Kentucky': 1, 'Rhode Island': 1, 'Sweden': 1, 'Nova Scotia (Canada)': 1, 'Iowa': 1, 'Alabama': 1, 'United Kingdom (Northern Ireland)': 1, 'Colorado': 1, 'New Jersey': 1, 'Washington': 2, 'New York': 6, 'United Kingdom (England)': 1}","http://beeradvocate.com/beer/profile/196/157/?sort=topr","Brouwerij De Smedt / Brouwerij Affligem","142","292","56","315","42","233","129","82","34","8","1333"
"80","Dubbel","Belgian Style Dubbel","100","{'Minnesota': 1, 'Illinois': 2, 'Maryland': 6, 'Texas': 1, 'Arizona': 3, 'Iowa': 2, 'Michigan': 2, 'Virginia': 5, 'Connecticut': 2, 'District of Columbia': 1, 'California': 10, 'Massachusetts': 1, 'South Carolina': 3, 'New Hampshire': 2, 'Georgia': 1, 'Pennsylvania': 22, 'Florida': 6, 'Missouri': 1, 'Ohio': 1, 'New Jersey': 18, 'North Carolina': 3, 'New York': 6, 'Maine': 1}","http://beeradvocate.com/beer/profile/339/1027/?sort=topr","Flying Fish Brewing Company","196","219","38","358","39","200","132","56","17","4","1259"
"88","Dubbel","Urkontinent","100","{'Mississippi': 1, 'Delaware': 1, 'Illinois': 1, 'Indiana': 3, 'Maryland': 6, 'Texas': 1, 'Ontario (Canada)': 5, 'Arizona': 1, 'Michigan': 3, 'Virginia': 3, 'Connecticut': 2, 'New York': 9, 'New Hampshire': 1, 'Massachusetts': 7, 'South Carolina': 2, 'California': 4, 'Georgia': 1, 'Pennsylvania': 10, 'Quebec (Canada)': 1, 'Florida': 4, 'Kentucky': 5, 'Missouri': 1, 'Ohio': 7, 'Colorado': 1, 'New Jersey': 7, 'Washington': 3, 'North Carolina': 4, 'District of Columbia': 2, 'Montana': 1, 'Maine': 2}","http://beeradvocate.com/beer/profile/10099/73379/?sort=topr","Dogfish Head Brewery","202","394","275","392","49","217","107","51","16","19","1722"
"83","Dubbel","Abbey Ale","100","{'Mississippi': 3, 'Alberta (Canada)': 1, 'Minnesota': 4, 'Illinois': 3, 'Arkansas': 2, 'Ohio': 1, 'Maryland': 4, 'Louisiana': 4, 'Texas': 5, 'Ontario (Canada)': 1, 'Arizona': 1, 'Wisconsin': 7, 'Virginia': 1, 'Oregon': 1, 'Connecticut': 3, 'Montana': 1, 'New Hampshire': 2, 'Massachusetts': 1, 'Belgium': 1, 'California': 11, 'Oklahoma': 3, 'Vermont': 2, 'Georgia': 3, 'Pennsylvania': 6, 'Florida': 6, 'Kentucky': 3, 'Tennessee': 1, 'Nebraska': 1, 'Missouri': 1, 'Iowa': 2, 'Alabama': 4, 'Rhode Island': 1, 'Colorado': 2, 'New Jersey': 1, 'North Carolina': 2, 'New York': 5}","http://beeradvocate.com/beer/profile/3/45583/?sort=topr","Abita Brewing Co.","154","226","36","379","50","203","157","130","40","7","1382"
"82","Dubbel","Brother David's Belgian-style Double Ale","100","{'Alberta (Canada)': 5, 'Illinois': 5, 'Texas': 2, 'Idaho': 1, 'Ontario (Canada)': 1, 'Australia': 1, 'Wisconsin': 1, 'Arizona': 1, 'Michigan': 5, 'Kansas': 2, 'Virginia': 1, 'Oregon': 3, 'Connecticut': 1, 'District of Columbia': 1, 'California': 22, 'Massachusetts': 3, 'New Hampshire': 1, 'Oklahoma': 2, 'Georgia': 4, 'Pennsylvania': 4, 'Quebec (Canada)': 1, 'Florida': 2, 'Hawaii': 1, 'Kentucky': 1, 'Rhode Island': 1, 'Sweden': 1, 'Nebraska': 1, 'Missouri': 3, 'Ohio': 3, 'Colorado': 6, 'Mexico': 1, 'New Jersey': 3, 'Washington': 4, 'North Carolina': 2, 'New York': 3, 'Nevada': 1}","http://beeradvocate.com/beer/profile/193/4168/?sort=topr","Anderson Valley Brewing Company","113","314","37","375","48","187","102","49","15","9","1249"
"86","Dubbel","Nommo Dubbel","100","{'Oklahoma': 5, 'Wyoming': 1, 'Minnesota': 7, 'Illinois': 16, 'Indiana': 1, 'Maryland': 4, 'Texas': 8, 'Ontario (Canada)': 1, 'Iowa': 1, 'Wisconsin': 2, 'Michigan': 1, 'Virginia': 2, 'Oregon': 1, 'District of Columbia': 1, 'California': 2, 'Massachusetts': 6, 'New Hampshire': 2, 'Georgia': 2, 'Pennsylvania': 1, 'Nebraska': 2, 'Missouri': 9, 'Ohio': 2, 'Alabama': 2, 'Colorado': 10, 'Mexico': 1, 'Washington': 3, 'North Carolina': 4, 'New York': 2, 'Montana': 1}","http://beeradvocate.com/beer/profile/423/72793/?sort=topr","Boulevard Brewing Co.","131","265","67","414","40","214","138","189","15","8","1481"
"87","Dubbel","Brewer's Art Resurrection","100","{'Oklahoma': 1, 'Minnesota': 2, 'Illinois': 3, 'Ireland': 1, 'Indiana': 2, 'Maryland': 18, 'Texas': 1, 'Tennessee': 1, 'Utah': 1, 'Virginia': 3, 'Oregon': 1, 'Connecticut': 3, 'Montana': 1, 'California': 5, 'Massachusetts': 5, 'West Virginia': 1, 'South Carolina': 2, 'Georgia': 2, 'Pennsylvania': 21, 'Florida': 3, 'Rhode Island': 1, 'Ohio': 3, 'New York': 5, 'Colorado': 2, 'New Jersey': 3, 'Saskatchewan (Canada)': 1, 'Washington': 1, 'District of Columbia': 6}","http://beeradvocate.com/beer/profile/997/7097/?sort=topr","The Brewer's Art","184","269","46","420","118","223","174","91","16","2","1543"
"86","Dubbel","Thumbprint Chocolate Abbey","100","{'Wisconsin': 21, 'Colorado': 1, 'Nebraska': 1, 'Indiana': 3, 'Virginia': 1, 'Michigan': 1, 'Delaware': 1, 'Washington': 3, 'Minnesota': 14, 'North Carolina': 3, 'Illinois': 24, 'New York': 4, 'California': 9, 'Massachusetts': 2, 'Missouri': 1, 'South Carolina': 1, 'Iowa': 4, 'Maryland': 1, 'Nevada': 1, 'Ohio': 3, 'Ontario (Canada)': 1}","http://beeradvocate.com/beer/profile/590/73216/?sort=topr","New Glarus Brewing Company","163","329","325","287","51","255","117","91","11","1","1630"
"90","Dubbel","Val-Dieu Brune","100","{'Mississippi': 1, 'Minnesota': 2, 'Illinois': 6, 'Netherlands': 5, 'Indiana': 1, 'Maryland': 2, 'Louisiana': 1, 'Texas': 3, 'Manitoba (Canada)': 2, 'Arizona': 1, 'Iowa': 2, 'Singapore': 1, 'Michigan': 1, 'Virginia': 7, 'Oregon': 1, 'Connecticut': 1, 'California': 3, 'Massachusetts': 1, 'South Carolina': 3, 'Wisconsin': 2, 'Georgia': 3, 'Korea (North)': 1, 'Pennsylvania': 12, 'Quebec (Canada)': 1, 'Florida': 3, 'Rhode Island': 1, 'Nebraska': 1, 'Missouri': 1, 'Switzerland': 1, 'Ohio': 4, 'Alabama': 2, 'France': 1, 'Colorado': 5, 'Mexico': 1, 'New Jersey': 3, 'Washington': 2, 'North Carolina': 3, 'New York': 6, 'United Kingdom (England)': 1, 'Maine': 2}","http://beeradvocate.com/beer/profile/826/2575/?sort=topr","Brasserie de l'Abbaye du Val-Dieu","163","392","108","360","65","197","101","62","34","15","1497"
"82","Dubbel","Petrus Dubbel","100","{'Alberta (Canada)': 8, 'Minnesota': 3, 'Illinois': 2, 'Maryland': 3, 'Texas': 4, 'Korea (North)': 1, 'Australia': 1, 'Iowa': 1, 'Michigan': 2, 'Kansas': 1, 'Virginia': 4, 'Oregon': 2, 'Connecticut': 1, 'California': 10, 'Massachusetts': 2, 'Belgium': 2, 'Oklahoma': 3, 'Wisconsin': 2, 'Netherlands': 3, 'Pennsylvania': 6, 'Florida': 4, 'Kentucky': 1, 'South Carolina': 2, 'Arizona': 3, 'Missouri': 1, 'Ohio': 5, 'Colorado': 3, 'Mexico': 2, 'New Jersey': 6, 'Saskatchewan (Canada)': 1, 'Washington': 1, 'North Carolina': 1, 'New York': 4, 'United Kingdom (England)': 1, 'British Columbia (Canada)': 4}","http://beeradvocate.com/beer/profile/718/26203/?sort=topr","Brouwerij Bavik","146","372","65","448","42","227","153","34","94","19","1600"
"86","Dubbel","St. Vincent's Dubbel","100","{'Oklahoma': 1, 'Wyoming': 1, 'Minnesota': 1, 'Illinois': 4, 'Indiana': 1, 'Maryland': 4, 'Texas': 1, 'Ontario (Canada)': 2, 'Korea (North)': 1, 'Tennessee': 1, 'Wisconsin': 1, 'Michigan': 1, 'New Hampshire': 1, 'Utah': 1, 'Virginia': 4, 'Oregon': 1, 'Connecticut': 3, 'District of Columbia': 2, 'Germany': 1, 'Massachusetts': 2, 'South Carolina': 1, 'California': 6, 'Georgia': 1, 'Pennsylvania': 8, 'Quebec (Canada)': 1, 'Florida': 1, 'Rhode Island': 1, 'Ohio': 9, 'Colorado': 4, 'New Jersey': 7, 'Washington': 1, 'North Carolina': 2, 'New York': 24}","http://beeradvocate.com/beer/profile/12959/28992/?sort=topr","Captain Lawrence Brewing Co.","153","315","64","388","52","240","167","77","98","19","1573"
"83","Dubbel","Siamese Twin Ale","100","{'Alberta (Canada)': 2, 'Minnesota': 3, 'Illinois': 6, 'New Mexico': 1, 'Indiana': 1, 'Maryland': 1, 'Texas': 1, 'Korea (North)': 1, 'Australia': 2, 'Iowa': 1, 'Virginia': 3, 'Oregon': 4, 'Connecticut': 1, 'California': 28, 'Massachusetts': 8, 'South Carolina': 1, 'Georgia': 1, 'Pennsylvania': 9, 'Florida': 1, 'Sweden': 1, 'Arizona': 1, 'Missouri': 1, 'Ohio': 3, 'Alabama': 1, 'Colorado': 2, 'New Jersey': 4, 'Washington': 2, 'North Carolina': 1, 'New York': 4, 'United Kingdom (England)': 1, 'Maine': 1, 'British Columbia (Canada)': 3}","http://beeradvocate.com/beer/profile/17962/43974/?sort=topr","Uncommon Brewers","162","247","27","328","88","223","168","190","35","4","1472"
"87","Dubbel","St. Sebastiaan Dark","100","{'Mississippi': 2, 'Alberta (Canada)': 2, 'Minnesota': 6, 'Illinois': 2, 'New Brunswick (Canada)': 1, 'Maryland': 1, 'Louisiana': 3, 'Texas': 7, 'Ontario (Canada)': 2, 'Arizona': 4, 'Michigan': 1, 'Virginia': 1, 'Oregon': 1, 'California': 11, 'Massachusetts': 2, 'West Virginia': 2, 'Belgium': 1, 'New Hampshire': 1, 'Oklahoma': 1, 'Spain': 2, 'Vermont': 1, 'Georgia': 3, 'Pennsylvania': 5, 'Florida': 5, 'Australia': 1, 'Missouri': 1, 'Ohio': 3, 'Colorado': 4, 'Mexico': 2, 'New Jersey': 2, 'Washington': 2, 'North Carolina': 4, 'New York': 13, 'New Mexico': 1}","http://beeradvocate.com/beer/profile/183/713/?sort=topr","Brouwerij Sterkens N.V.","148","294","75","291","38","194","94","52","27","15","1228"
"86","Dubbel","St. Feuillien Brune","100","{'Minnesota': 4, 'Illinois': 2, 'Netherlands': 1, 'Maryland': 2, 'Texas': 6, 'Australia': 6, 'Iowa': 3, 'Arizona': 1, 'Michigan': 1, 'Virginia': 5, 'Connecticut': 3, 'New York': 5, 'New Hampshire': 1, 'Massachusetts': 3, 'Belgium': 2, 'California': 2, 'Georgia': 5, 'Pennsylvania': 7, 'Quebec (Canada)': 1, 'Florida': 4, 'Kentucky': 2, 'United Kingdom (Northern Ireland)': 1, 'Nebraska': 2, 'District of Columbia': 5, 'Ohio': 5, 'France': 2, 'Colorado': 2, 'Mexico': 1, 'New Jersey': 4, 'Washington': 4, 'North Carolina': 3, 'Tennessee': 2, 'Montana': 1, 'Maine': 2}","http://beeradvocate.com/beer/profile/2874/6819/?sort=topr","Brasserie St. Feuillien","154","310","52","371","42","213","123","87","35","7","1394"
"84","Dubbel","Sterkens Dubbel Ale","100","{'Oklahoma': 1, 'Minnesota': 5, 'Illinois': 6, 'Indiana': 3, 'Maryland': 2, 'Texas': 13, 'Arizona': 2, 'Iowa': 2, 'Michigan': 5, 'Virginia': 2, 'Oregon': 4, 'Connecticut': 1, 'New York': 13, 'New Hampshire': 2, 'Massachusetts': 2, 'South Carolina': 3, 'Wisconsin': 2, 'Georgia': 2, 'Pennsylvania': 8, 'Florida': 5, 'Ohio': 8, 'Alabama': 1, 'New Jersey': 4, 'Saskatchewan (Canada)': 1, 'North Carolina': 1, 'Tennessee': 1, 'Nevada': 1}","http://beeradvocate.com/beer/profile/183/627/?sort=topr","Brouwerij Sterkens N.V.","173","209","35","330","63","189","97","48","35","8","1187"
"82","Dubbel","St Martin Brune","79","{'Oklahoma': 2, 'France': 1, 'Maryland': 3, 'Louisiana': 1, 'Texas': 2, 'Ontario (Canada)': 4, 'Arizona': 2, 'Iowa': 1, 'Norway': 1, 'Michigan': 1, 'Connecticut': 1, 'California': 3, 'Massachusetts': 4, 'South Carolina': 2, 'New Hampshire': 1, 'Pennsylvania': 15, 'Quebec (Canada)': 1, 'Florida': 3, 'Rhode Island': 1, 'Missouri': 1, 'Ohio': 8, 'Illinois': 3, 'Romania': 1, 'Colorado': 2, 'Mexico': 1, 'New Jersey': 5, 'North Carolina': 3, 'New York': 3, 'British Colu